tract_geoid,destination_id,proxy_min_minutes,proxy_max_minutes,proxy_count
13089020300,osm-node-10834410890,62.56666666666667,62.56666666666667,5
13089020300,osm-node-10834436435,38.75,48.75,5
13089020300,osm-node-11296519692,47.78333333333333,47.78333333333333,5
13089020300,osm-node-11803467005,34.1,43.31666666666667,5
13089020300,osm-node-11810428451,32.55,42.55,5
13089020300,osm-node-11874720088,48.833333333333336,48.833333333333336,5
13089020300,osm-node-12124841474,48.45,57.9,5
13089020300,osm-node-12136141359,36.13333333333333,46.13333333333333,5
13089020300,osm-node-1259091133,65.6,65.6,5
13089020300,osm-node-12619410960,38.05,48.05,5
13089020300,osm-node-12623995967,38.7,48.7,5
13089020300,osm-node-12776430676,28.266666666666666,38.266666666666666,5
13089020300,osm-node-12800526801,62.46666666666667,79.15,5
13089020300,osm-node-13019491858,39.93333333333333,49.93333333333333,5
13089020300,osm-node-13062596546,66.95,66.95,5
13089020300,osm-node-13070138146,38.25,48.25,5
13089020300,osm-node-13076662890,32.46666666666667,41.61666666666667,5
13089020300,osm-node-13132027046,30.466666666666665,40.46666666666667,5
13089020300,osm-node-13305337619,44.35,54.7,5
13089020300,osm-node-13305370788,40.45,50.45,5
13089020300,osm-node-13515490416,23.666666666666668,33.666666666666664,5
13089020300,osm-node-13599896277,47.96666666666667,58.96666666666667,5
13089020300,osm-node-14080656819,41.5,41.5,5
13089020300,osm-node-1595646778,53.583333333333336,53.583333333333336,5
13089020300,osm-node-1748936232,42.766666666666666,52.766666666666666,5
13089020300,osm-node-2277885174,38.71666666666667,48.71666666666667,5
13089020300,osm-node-358780362,54.6,54.6,5
13089020300,osm-node-358780376,64.36666666666666,64.36666666666666,5
13089020300,osm-node-367913112,29.633333333333333,38.666666666666664,5
13089020300,osm-node-367913209,72.93333333333334,84.55,5
13089020300,osm-node-367913219,38.28333333333333,48.28333333333333,5
13089020300,osm-node-367913232,73.86666666666666,73.86666666666666,5
13089020300,osm-node-367913236,49.86666666666667,54.983333333333334,5
13089020300,osm-node-367913237,49.96666666666667,64.96666666666667,5
13089020300,osm-node-367913244,62.3,70.31666666666666,5
13089020300,osm-node-367913251,43.05,43.05,5
13089020300,osm-node-367913254,55.016666666666666,55.016666666666666,5
13089020300,osm-node-367913296,44.88333333333333,54.166666666666664,5
13089020300,osm-node-367913297,54.483333333333334,71.23333333333333,5
13089020300,osm-node-367913299,18.15,30.183333333333337,5
13089020300,osm-node-367913320,53.833333333333336,83.76666666666667,5
13089020300,osm-node-4237695952,35.53333333333333,44.31666666666667,5
13089020300,osm-node-4864504354,36.93333333333333,46.93333333333333,5
13089020300,osm-node-7211662360,44.166666666666664,69.0,5
13089020300,osm-node-8113135530,31.933333333333337,41.88333333333333,5
13089020300,osm-node-871146178,27.1,37.1,5
13089020300,osm-node-8825648847,55.083333333333336,67.78333333333333,5
13089020300,osm-node-9462998941,42.06666666666667,52.06666666666667,5
13089020300,osm-relation-3612501,36.583333333333336,46.583333333333336,5
13089020300,osm-relation-3669728,65.88333333333334,76.88333333333334,5
13089020300,osm-relation-5675786,29.983333333333334,39.983333333333334,5
13089020300,osm-way-112921497,55.95,55.95,5
13089020300,osm-way-1221469441,43.96666666666667,68.81666666666666,5
13089020300,osm-way-1263059302,41.016666666666666,42.53333333333333,5
13089020300,osm-way-1311902697,36.483333333333334,46.483333333333334,5
13089020300,osm-way-173532783,32.46666666666667,42.46666666666667,5
13089020300,osm-way-208158659,44.95,54.233333333333334,5
13089020300,osm-way-219331009,38.0,49.25,5
13089020300,osm-way-231748291,67.0,67.0,5
13089020300,osm-way-234732964,39.81666666666667,49.81666666666667,5
13089020300,osm-way-234942606,35.93333333333333,45.93333333333333,5
13089020300,osm-way-252608923,28.7,38.7,5
13089020300,osm-way-268001356,69.51666666666667,70.28333333333333,5
13089020300,osm-way-269246999,72.88333333333334,84.5,5
13089020300,osm-way-269542129,49.333333333333336,59.333333333333336,5
13089020300,osm-way-269542737,62.983333333333334,62.983333333333334,5
13089020300,osm-way-269548092,67.06666666666666,67.06666666666666,5
13089020300,osm-way-269999028,39.733333333333334,48.81666666666667,5
13089020300,osm-way-270010150,61.35,61.35,5
13089020300,osm-way-270358285,38.06666666666667,48.06666666666667,5
13089020300,osm-way-270474813,38.15,48.15,5
13089020300,osm-way-270486467,37.78333333333333,47.78333333333333,5
13089020300,osm-way-270493876,24.6,34.6,5
13089020300,osm-way-270494085,22.033333333333335,32.03333333333333,5
13089020300,osm-way-270494114,27.4,37.4,5
13089020300,osm-way-270497388,31.283333333333335,41.28333333333333,5
13089020300,osm-way-270880929,26.016666666666666,36.016666666666666,5
13089020300,osm-way-272195210,44.666666666666664,50.36666666666667,5
13089020300,osm-way-272205524,67.38333333333334,67.38333333333334,5
13089020300,osm-way-273055240,57.21666666666667,57.21666666666667,5
13089020300,osm-way-275809609,62.36666666666667,70.38333333333334,5
13089020300,osm-way-343312205,64.66666666666667,68.06666666666666,5
13089020300,osm-way-348402902,35.53333333333333,44.31666666666667,5
13089020300,osm-way-34845384,61.1,81.1,5
13089020300,osm-way-366848935,79.36666666666666,79.36666666666666,5
13089020300,osm-way-388806051,62.9,62.9,5
13089020300,osm-way-40860251,57.5,57.5,5
13089020300,osm-way-40929757,70.38333333333334,81.95,5
13089020300,osm-way-41169860,55.15,55.15,5
13089020300,osm-way-494707290,65.96666666666667,76.96666666666667,5
13089020300,osm-way-494884355,55.03333333333333,55.03333333333333,5
13089020300,osm-way-494947781,31.216666666666665,41.21666666666667,5
13089020300,osm-way-51291333,28.866666666666667,38.86666666666667,5
13089020300,osm-way-51301407,27.016666666666666,37.016666666666666,5
13089020300,osm-way-51302619,54.2,54.2,5
13089020300,osm-way-51311379,39.1,51.93333333333333,5
13089020300,osm-way-61494982,55.45,55.45,5
13089020300,osm-way-692240855,42.75,56.25,5
13089020300,osm-way-886340463,36.55,46.55,5
13089020300,osm-way-933073925,62.46666666666667,79.36666666666666,5
13089020300,osm-way-98280771,58.55,58.55,5
13089020500,osm-node-10834410890,55.733333333333334,74.56666666666666,5
13089020500,osm-node-10834436435,33.75,53.75,5
13089020500,osm-node-11296519692,25.55,47.78333333333333,5
13089020500,osm-node-11803467005,24.1,43.31666666666667,5
13089020500,osm-node-11810428451,23.733333333333334,47.55,5
13089020500,osm-node-11874720088,48.833333333333336,61.583333333333336,5
13089020500,osm-node-12124841474,44.1,66.88333333333334,5
13089020500,osm-node-12136141359,30.65,50.65,5
13089020500,osm-node-1259091133,49.05,79.68333333333334,5
13089020500,osm-node-12619410960,25.5,53.05,5
13089020500,osm-node-12623995967,30.833333333333332,51.516666666666666,5
13089020500,osm-node-12776430676,23.266666666666666,43.266666666666666,5
13089020500,osm-node-12800526801,62.46666666666667,88.53333333333333,5
13089020500,osm-node-13019491858,34.93333333333333,54.93333333333333,5
13089020500,osm-node-13062596546,52.46666666666667,83.1,5
13089020500,osm-node-13070138146,33.25,53.25,5
13089020500,osm-node-13076662890,22.466666666666665,41.61666666666667,5
13089020500,osm-node-13132027046,30.466666666666665,50.46666666666667,5
13089020500,osm-node-13305337619,39.35,55.35,5
13089020500,osm-node-13305370788,35.45,55.45,5
13089020500,osm-node-13515490416,4.833333333333333,30.483333333333334,5
13089020500,osm-node-13599896277,42.96666666666667,58.96666666666667,5
13089020500,osm-node-14080656819,16.666666666666668,24.683333333333337,5
13089020500,osm-node-1595646778,53.583333333333336,53.583333333333336,5
13089020500,osm-node-1748936232,37.766666666666666,45.25,5
13089020500,osm-node-2277885174,33.71666666666667,53.71666666666667,5
13089020500,osm-node-358780362,54.6,66.6,5
13089020500,osm-node-358780376,57.53333333333333,76.36666666666666,5
13089020500,osm-node-367913112,38.666666666666664,48.666666666666664,5
13089020500,osm-node-367913209,54.55,84.55,5
13089020500,osm-node-367913219,33.28333333333333,53.28333333333333,5
13089020500,osm-node-367913232,73.86666666666666,103.05,5
13089020500,osm-node-367913236,49.86666666666667,64.28333333333333,5
13089020500,osm-node-367913237,49.96666666666667,64.96666666666667,5
13089020500,osm-node-367913244,56.31666666666667,70.31666666666666,5
13089020500,osm-node-367913251,16.516666666666666,23.45,5
13089020500,osm-node-367913254,40.016666666666666,52.18333333333333,5
13089020500,osm-node-367913296,31.9,54.166666666666664,5
13089020500,osm-node-367913297,54.483333333333334,76.21666666666667,5
13089020500,osm-node-367913299,11.666666666666666,31.733333333333334,5
13089020500,osm-node-367913320,53.833333333333336,80.61666666666666,5
13089020500,osm-node-4237695952,24.316666666666663,44.31666666666667,5
13089020500,osm-node-4864504354,36.93333333333333,56.93333333333333,5
13089020500,osm-node-7211662360,44.166666666666664,74.16666666666667,5
13089020500,osm-node-8113135530,26.933333333333337,41.88333333333333,5
13089020500,osm-node-871146178,27.1,47.1,5
13089020500,osm-node-8825648847,52.78333333333333,72.78333333333333,5
13089020500,osm-node-9462998941,37.06666666666667,57.06666666666667,5
13089020500,osm-relation-3612501,31.016666666666666,51.016666666666666,5
13089020500,osm-relation-3669728,59.06666666666667,76.88333333333334,5
13089020500,osm-relation-5675786,24.983333333333334,42.93333333333333,5
13089020500,osm-way-112921497,55.95,67.95,5
13089020500,osm-way-1221469441,43.96666666666667,73.96666666666667,5
13089020500,osm-way-1263059302,36.016666666666666,56.016666666666666,5
13089020500,osm-way-1311902697,29.016666666666666,49.016666666666666,5
13089020500,osm-way-173532783,27.466666666666665,42.78333333333333,5
13089020500,osm-way-208158659,31.966666666666665,54.233333333333334,5
13089020500,osm-way-219331009,25.316666666666663,49.56666666666667,5
13089020500,osm-way-231748291,46.53333333333333,67.0,5
13089020500,osm-way-234732964,34.81666666666667,54.81666666666667,5
13089020500,osm-way-234942606,30.933333333333337,50.93333333333333,5
13089020500,osm-way-252608923,23.7,43.7,5
13089020500,osm-way-268001356,50.28333333333333,70.28333333333333,5
13089020500,osm-way-269246999,54.5,84.5,5
13089020500,osm-way-269542129,44.333333333333336,64.33333333333333,5
13089020500,osm-way-269542737,49.083333333333336,79.71666666666667,5
13089020500,osm-way-269548092,50.95,70.95,5
13089020500,osm-way-269999028,28.15,48.81666666666667,5
13089020500,osm-way-270010150,41.35,61.35,5
13089020500,osm-way-270358285,25.516666666666666,53.06666666666667,5
13089020500,osm-way-270474813,33.15,53.15,5
13089020500,osm-way-270486467,37.78333333333333,57.78333333333333,5
13089020500,osm-way-270493876,19.6,38.93333333333333,5
13089020500,osm-way-270494085,17.033333333333335,36.46666666666667,5
13089020500,osm-way-270494114,22.4,40.81666666666667,5
13089020500,osm-way-270497388,26.283333333333335,46.28333333333333,5
13089020500,osm-way-270880929,21.016666666666666,37.18333333333333,5
13089020500,osm-way-272195210,30.366666666666667,50.36666666666667,5
13089020500,osm-way-272205524,67.38333333333334,67.38333333333334,5
13089020500,osm-way-273055240,37.21666666666667,57.21666666666667,5
13089020500,osm-way-275809609,56.38333333333333,70.38333333333334,5
13089020500,osm-way-343312205,64.66666666666667,79.53333333333333,5
13089020500,osm-way-348402902,24.316666666666663,44.31666666666667,5
13089020500,osm-way-34845384,61.1,81.1,5
13089020500,osm-way-366848935,39.36666666666667,61.61666666666667,5
13089020500,osm-way-388806051,45.28333333333333,75.91666666666667,5
13089020500,osm-way-40860251,53.666666666666664,69.5,5
13089020500,osm-way-40929757,61.483333333333334,81.95,5
13089020500,osm-way-41169860,55.15,67.15,5
13089020500,osm-way-494707290,59.15,76.96666666666667,5
13089020500,osm-way-494884355,55.03333333333333,67.03333333333333,5
13089020500,osm-way-494947781,26.216666666666665,42.95,5
13089020500,osm-way-51291333,28.866666666666667,48.86666666666667,5
13089020500,osm-way-51301407,27.016666666666666,47.016666666666666,5
13089020500,osm-way-51302619,54.2,66.2,5
13089020500,osm-way-51311379,24.95,49.11666666666667,5
13089020500,osm-way-61494982,55.45,67.45,5
13089020500,osm-way-692240855,30.733333333333334,56.25,5
13089020500,osm-way-886340463,25.216666666666665,51.55,5
13089020500,osm-way-933073925,62.46666666666667,86.91666666666667,5
13089020500,osm-way-98280771,56.8,70.55,5
13089020802,osm-node-10834410890,47.56666666666667,74.56666666666666,5
13089020802,osm-node-10834436435,54.13333333333333,58.75,5
13089020802,osm-node-11296519692,3.25,25.55,5
13089020802,osm-node-11803467005,54.1,63.31666666666667,5
13089020802,osm-node-11810428451,49.46666666666667,52.55,5
13089020802,osm-node-11874720088,48.833333333333336,61.583333333333336,5
13089020802,osm-node-12124841474,72.16666666666667,73.05,5
13089020802,osm-node-12136141359,50.65,56.13333333333333,5
13089020802,osm-node-1259091133,79.68333333333334,79.68333333333334,5
13089020802,osm-node-12619410960,55.21666666666667,58.05,5
13089020802,osm-node-12623995967,51.516666666666666,58.7,5
13089020802,osm-node-12776430676,48.13333333333333,48.266666666666666,5
13089020802,osm-node-12800526801,62.46666666666667,92.46666666666668,5
13089020802,osm-node-13019491858,59.93333333333333,59.93333333333333,5
13089020802,osm-node-13062596546,83.1,83.1,5
13089020802,osm-node-13070138146,58.25,58.25,5
13089020802,osm-node-13076662890,52.46666666666667,61.61666666666667,5
13089020802,osm-node-13132027046,31.05,50.46666666666667,5
13089020802,osm-node-13305337619,61.35,61.35,5
13089020802,osm-node-13305370788,60.45,60.45,5
13089020802,osm-node-13515490416,40.166666666666664,43.666666666666664,5
13089020802,osm-node-13599896277,64.96666666666667,64.96666666666667,5
13089020802,osm-node-14080656819,24.683333333333337,39.36666666666667,5
13089020802,osm-node-1595646778,19.683333333333337,52.833333333333336,5
13089020802,osm-node-1748936232,38.03333333333333,53.416666666666664,5
13089020802,osm-node-2277885174,58.71666666666667,58.71666666666667,5
13089020802,osm-node-358780362,39.6,66.6,5
13089020802,osm-node-358780376,49.36666666666667,76.36666666666666,5
13089020802,osm-node-367913112,26.633333333333333,32.8,5
13089020802,osm-node-367913209,84.55,84.55,5
13089020802,osm-node-367913219,58.28333333333333,58.28333333333333,5
13089020802,osm-node-367913232,103.05,103.05,5
13089020802,osm-node-367913236,69.86666666666666,69.86666666666666,5
13089020802,osm-node-367913237,66.06666666666666,77.46666666666667,5
13089020802,osm-node-367913244,70.31666666666666,85.31666666666666,5
13089020802,osm-node-367913251,23.45,38.2,5
13089020802,osm-node-367913254,25.016666666666666,40.016666666666666,5
13089020802,osm-node-367913296,64.88333333333334,71.9,5
13089020802,osm-node-367913297,72.73333333333333,81.23333333333333,5
13089020802,osm-node-367913299,41.63333333333333,51.63333333333333,5
13089020802,osm-node-367913320,80.61666666666666,85.83333333333333,5
13089020802,osm-node-4237695952,42.416666666666664,53.233333333333334,5
13089020802,osm-node-4864504354,56.93333333333333,56.93333333333333,5
13089020802,osm-node-7211662360,44.166666666666664,74.16666666666667,5
13089020802,osm-node-8113135530,41.88333333333333,49.86666666666667,5
13089020802,osm-node-871146178,27.666666666666668,47.1,5
13089020802,osm-node-8825648847,75.08333333333333,75.08333333333333,5
13089020802,osm-node-9462998941,62.06666666666667,62.06666666666667,5
13089020802,osm-relation-3612501,51.016666666666666,56.583333333333336,5
13089020802,osm-relation-3669728,81.46666666666667,81.46666666666667,5
13089020802,osm-relation-5675786,42.93333333333333,49.983333333333334,5
13089020802,osm-way-112921497,40.95,67.95,5
13089020802,osm-way-1221469441,43.96666666666667,73.96666666666667,5
13089020802,osm-way-1263059302,55.06666666666667,58.333333333333336,5
13089020802,osm-way-1311902697,49.016666666666666,56.483333333333334,5
13089020802,osm-way-173532783,42.78333333333333,52.46666666666667,5
13089020802,osm-way-208158659,64.95,71.96666666666667,5
13089020802,osm-way-219331009,49.56666666666667,59.25,5
13089020802,osm-way-231748291,57.06666666666667,82.0,5
13089020802,osm-way-234732964,59.81666666666667,59.81666666666667,5
13089020802,osm-way-234942606,55.7,55.93333333333333,5
13089020802,osm-way-252608923,44.88333333333333,48.7,5
13089020802,osm-way-268001356,89.51666666666667,89.51666666666667,5
13089020802,osm-way-269246999,84.5,84.5,5
13089020802,osm-way-269542129,69.33333333333333,69.33333333333333,5
13089020802,osm-way-269542737,79.71666666666667,79.71666666666667,5
13089020802,osm-way-269548092,82.38333333333334,82.38333333333334,5
13089020802,osm-way-269999028,48.81666666666667,59.733333333333334,5
13089020802,osm-way-270010150,67.03333333333333,67.03333333333333,5
13089020802,osm-way-270358285,55.233333333333334,58.06666666666667,5
13089020802,osm-way-270474813,58.15,58.15,5
13089020802,osm-way-270486467,57.78333333333333,57.78333333333333,5
13089020802,osm-way-270493876,38.93333333333333,44.6,5
13089020802,osm-way-270494085,36.46666666666667,42.03333333333333,5
13089020802,osm-way-270494114,40.81666666666667,47.4,5
13089020802,osm-way-270497388,49.75,51.28333333333333,5
13089020802,osm-way-270880929,37.18333333333333,46.016666666666666,5
13089020802,osm-way-272195210,50.36666666666667,69.11666666666666,5
13089020802,osm-way-272205524,88.01666666666667,88.01666666666667,5
13089020802,osm-way-273055240,57.21666666666667,78.21666666666667,5
13089020802,osm-way-275809609,70.38333333333334,85.38333333333334,5
13089020802,osm-way-343312205,79.53333333333333,79.53333333333333,5
13089020802,osm-way-348402902,42.416666666666664,53.233333333333334,5
13089020802,osm-way-34845384,81.1,81.1,5
13089020802,osm-way-366848935,61.61666666666667,79.36666666666666,5
13089020802,osm-way-388806051,75.91666666666667,75.91666666666667,5
13089020802,osm-way-40860251,42.5,69.5,5
13089020802,osm-way-40929757,68.18333333333334,94.5,5
13089020802,osm-way-41169860,40.15,67.15,5
13089020802,osm-way-494707290,81.55,81.55,5
13089020802,osm-way-494884355,40.03333333333333,67.03333333333333,5
13089020802,osm-way-494947781,42.95,48.766666666666666,5
13089020802,osm-way-51291333,27.233333333333334,48.86666666666667,5
13089020802,osm-way-51301407,23.366666666666667,47.016666666666666,5
13089020802,osm-way-51302619,39.2,66.2,5
13089020802,osm-way-51311379,19.2,32.333333333333336,5
13089020802,osm-way-61494982,40.45,67.45,5
13089020802,osm-way-692240855,66.96666666666667,70.73333333333333,5
13089020802,osm-way-886340463,53.71666666666667,56.55,5
13089020802,osm-way-933073925,62.46666666666667,92.46666666666668,5
13089020802,osm-way-98280771,43.55,70.55,5
13089021415,osm-node-10834410890,39.333333333333336,52.016666666666666,5
13089021415,osm-node-10834436435,29.066666666666663,45.06666666666667,5
13089021415,osm-node-11296519692,62.78333333333333,62.78333333333333,5
13089021415,osm-node-11803467005,48.11666666666667,67.11666666666666,5
13089021415,osm-node-11810428451,25.383333333333333,41.38333333333333,5
13089021415,osm-node-11874720088,51.016666666666666,51.016666666666666,5
13089021415,osm-node-12124841474,37.9,57.9,5
13089021415,osm-node-12136141359,25.783333333333335,41.78333333333333,5
13089021415,osm-node-1259091133,49.05,65.6,5
13089021415,osm-node-12619410960,30.883333333333333,45.5,5
13089021415,osm-node-12623995967,28.333333333333332,44.333333333333336,5
13089021415,osm-node-12776430676,30.566666666666663,46.56666666666667,5
13089021415,osm-node-12800526801,19.15,19.15,5
13089021415,osm-node-13019491858,23.766666666666666,39.766666666666666,5
13089021415,osm-node-13062596546,52.46666666666667,66.95,5
13089021415,osm-node-13070138146,27.1,43.1,5
13089021415,osm-node-13076662890,45.18333333333333,64.18333333333334,5
13089021415,osm-node-13132027046,43.95,43.95,5
13089021415,osm-node-13305337619,39.35,55.35,5
13089021415,osm-node-13305370788,26.45,42.45,5
13089021415,osm-node-13515490416,44.21666666666667,59.21666666666667,5
13089021415,osm-node-13599896277,42.96666666666667,58.96666666666667,5
13089021415,osm-node-14080656819,56.05,75.05,5
13089021415,osm-node-1595646778,57.583333333333336,87.58333333333333,5
13089021415,osm-node-1748936232,54.03333333333333,73.18333333333334,5
13089021415,osm-node-2277885174,27.583333333333332,43.583333333333336,5
13089021415,osm-node-358780362,38.9,49.666666666666664,5
13089021415,osm-node-358780376,41.13333333333333,53.81666666666667,5
13089021415,osm-node-367913112,64.9,64.9,5
13089021415,osm-node-367913209,54.55,84.55,5
13089021415,osm-node-367913219,43.28333333333333,53.36666666666667,5
13089021415,osm-node-367913232,73.86666666666666,73.86666666666666,5
13089021415,osm-node-367913236,54.983333333333334,64.28333333333333,5
13089021415,osm-node-367913237,49.96666666666667,64.96666666666667,5
13089021415,osm-node-367913244,62.3,85.95,5
13089021415,osm-node-367913251,57.6,74.7,5
13089021415,osm-node-367913254,70.01666666666667,70.01666666666667,5
13089021415,osm-node-367913296,46.733333333333334,61.28333333333333,5
13089021415,osm-node-367913297,24.483333333333334,50.3,5
13089021415,osm-node-367913299,46.63333333333333,61.63333333333333,5
13089021415,osm-node-367913320,53.833333333333336,83.76666666666667,5
13089021415,osm-node-4237695952,31.983333333333334,47.983333333333334,5
13089021415,osm-node-4864504354,46.93333333333333,66.93333333333334,5
13089021415,osm-node-7211662360,26.166666666666668,26.166666666666668,5
13089021415,osm-node-8113135530,33.7,49.7,5
13089021415,osm-node-871146178,40.583333333333336,40.583333333333336,5
13089021415,osm-node-8825648847,35.083333333333336,55.083333333333336,5
13089021415,osm-node-9462998941,23.783333333333335,39.78333333333333,5
13089021415,osm-relation-3612501,26.266666666666666,42.266666666666666,5
13089021415,osm-relation-3669728,59.06666666666667,76.88333333333334,5
13089021415,osm-relation-5675786,35.7,50.7,5
13089021415,osm-way-112921497,43.666666666666664,48.56666666666667,5
13089021415,osm-way-1221469441,25.966666666666665,25.966666666666665,5
13089021415,osm-way-1263059302,42.53333333333333,59.85,5
13089021415,osm-way-1311902697,26.116666666666667,42.11666666666667,5
13089021415,osm-way-173532783,44.916666666666664,60.36666666666667,5
13089021415,osm-way-208158659,46.8,61.35,5
13089021415,osm-way-219331009,41.516666666666666,60.68333333333333,5
13089021415,osm-way-231748291,23.816666666666663,38.81666666666667,5
13089021415,osm-way-234732964,28.683333333333337,44.68333333333333,5
13089021415,osm-way-234942606,26.266666666666666,42.266666666666666,5
13089021415,osm-way-252608923,28.583333333333332,44.583333333333336,5
13089021415,osm-way-268001356,29.966666666666665,50.28333333333333,5
13089021415,osm-way-269246999,54.5,84.5,5
13089021415,osm-way-269542129,32.666666666666664,48.666666666666664,5
13089021415,osm-way-269542737,49.083333333333336,62.983333333333334,5
13089021415,osm-way-269548092,50.95,70.95,5
13089021415,osm-way-269999028,29.366666666666667,45.36666666666667,5
13089021415,osm-way-270010150,41.35,61.35,5
13089021415,osm-way-270358285,30.9,45.516666666666666,5
13089021415,osm-way-270474813,43.15,53.233333333333334,5
13089021415,osm-way-270486467,47.78333333333333,67.78333333333333,5
13089021415,osm-way-270493876,39.11666666666667,54.11666666666667,5
13089021415,osm-way-270494085,36.55,51.55,5
13089021415,osm-way-270494114,40.6,55.6,5
13089021415,osm-way-270497388,36.28333333333333,52.28333333333333,5
13089021415,osm-way-270880929,34.45,49.45,5
13089021415,osm-way-272195210,44.666666666666664,69.11666666666666,5
13089021415,osm-way-272205524,67.38333333333334,67.38333333333334,5
13089021415,osm-way-273055240,57.21666666666667,78.21666666666667,5
13089021415,osm-way-275809609,62.36666666666667,86.01666666666667,5
13089021415,osm-way-343312205,64.66666666666667,83.06666666666666,5
13089021415,osm-way-348402902,31.983333333333334,47.983333333333334,5
13089021415,osm-way-34845384,41.1,61.1,5
13089021415,osm-way-366848935,79.36666666666666,100.61666666666666,5
13089021415,osm-way-388806051,45.28333333333333,62.9,5
13089021415,osm-way-40860251,37.55,50.2,5
13089021415,osm-way-40929757,26.166666666666668,28.9,5
13089021415,osm-way-41169860,42.483333333333334,50.56666666666667,5
13089021415,osm-way-494707290,59.15,76.96666666666667,5
13089021415,osm-way-494884355,41.45,50.28333333333333,5
13089021415,osm-way-494947781,33.9,48.9,5
13089021415,osm-way-51291333,42.61666666666667,42.61666666666667,5
13089021415,osm-way-51301407,44.9,44.9,5
13089021415,osm-way-51302619,40.95,49.11666666666667,5
13089021415,osm-way-51311379,79.11666666666666,87.05,5
13089021415,osm-way-61494982,42.28333333333333,51.21666666666667,5
13089021415,osm-way-692240855,62.0,76.3,5
13089021415,osm-way-886340463,29.4,45.21666666666667,5
13089021415,osm-way-933073925,19.366666666666667,19.366666666666667,5
13089021415,osm-way-98280771,40.833333333333336,51.166666666666664,5
13089021502,osm-node-10834410890,15.083333333333334,39.333333333333336,5
13089021502,osm-node-10834436435,39.06666666666667,63.06666666666667,5
13089021502,osm-node-11296519692,47.78333333333333,62.78333333333333,5
13089021502,osm-node-11803467005,53.18333333333333,75.11666666666666,5
13089021502,osm-node-11810428451,35.38333333333333,59.38333333333333,5
13089021502,osm-node-11874720088,49.63333333333333,64.63333333333334,5
13089021502,osm-node-12124841474,48.45,76.35,5
13089021502,osm-node-12136141359,35.78333333333333,59.78333333333333,5
13089021502,osm-node-1259091133,65.6,79.68333333333334,5
13089021502,osm-node-12619410960,40.88333333333333,64.88333333333334,5
13089021502,osm-node-12623995967,38.333333333333336,62.333333333333336,5
13089021502,osm-node-12776430676,40.56666666666667,64.56666666666666,5
13089021502,osm-node-12800526801,6.433333333333334,46.63333333333333,5
13089021502,osm-node-13019491858,33.766666666666666,57.766666666666666,5
13089021502,osm-node-13062596546,66.95,83.1,5
13089021502,osm-node-13070138146,37.1,61.1,5
13089021502,osm-node-13076662890,48.733333333333334,72.18333333333334,5
13089021502,osm-node-13132027046,43.11666666666667,58.11666666666667,5
13089021502,osm-node-13305337619,49.35,73.35,5
13089021502,osm-node-13305370788,36.45,60.45,5
13089021502,osm-node-13515490416,53.55,73.66666666666667,5
13089021502,osm-node-13599896277,52.96666666666667,76.96666666666667,5
13089021502,osm-node-14080656819,61.5,82.41666666666667,5
13089021502,osm-node-1595646778,69.35,94.58333333333331,5
13089021502,osm-node-1748936232,59.416666666666664,84.03333333333333,5
13089021502,osm-node-2277885174,37.583333333333336,61.583333333333336,5
13089021502,osm-node-358780362,21.533333333333335,38.9,5
13089021502,osm-node-358780376,16.883333333333333,41.13333333333333,5
13089021502,osm-node-367913112,57.2,72.2,5
13089021502,osm-node-367913209,84.55,84.55,5
13089021502,osm-node-367913219,53.28333333333333,73.36666666666666,5
13089021502,osm-node-367913232,73.86666666666666,103.05,5
13089021502,osm-node-367913236,64.28333333333333,84.98333333333333,5
13089021502,osm-node-367913237,64.96666666666667,79.13333333333334,5
13089021502,osm-node-367913244,70.31666666666666,92.3,5
13089021502,osm-node-367913251,61.516666666666666,83.53333333333333,5
13089021502,osm-node-367913254,55.016666666666666,70.01666666666667,5
13089021502,osm-node-367913296,36.166666666666664,66.16666666666667,5
13089021502,osm-node-367913297,36.916666666666664,52.233333333333334,5
13089021502,osm-node-367913299,56.63333333333333,71.63333333333334,5
13089021502,osm-node-367913320,83.76666666666667,89.46666666666667,5
13089021502,osm-node-4237695952,41.983333333333334,65.98333333333333,5
13089021502,osm-node-4864504354,56.93333333333333,76.93333333333334,5
13089021502,osm-node-7211662360,26.166666666666668,64.15,5
13089021502,osm-node-8113135530,43.7,67.7,5
13089021502,osm-node-871146178,40.583333333333336,56.88333333333333,5
13089021502,osm-node-8825648847,53.766666666666666,75.08333333333333,5
13089021502,osm-node-9462998941,33.78333333333333,57.78333333333333,5
13089021502,osm-relation-3612501,36.266666666666666,60.266666666666666,5
13089021502,osm-relation-3669728,66.46666666666667,94.88333333333334,5
13089021502,osm-relation-5675786,47.8,70.93333333333334,5
13089021502,osm-way-112921497,26.3,43.666666666666664,5
13089021502,osm-way-1221469441,25.966666666666665,63.95,5
13089021502,osm-way-1263059302,53.85,73.25,5
13089021502,osm-way-1311902697,36.11666666666667,60.11666666666667,5
13089021502,osm-way-173532783,55.166666666666664,74.91666666666667,5
13089021502,osm-way-208158659,36.233333333333334,66.23333333333333,5
13089021502,osm-way-219331009,53.46666666666667,71.51666666666667,5
13089021502,osm-way-231748291,21.683333333333337,35.15,5
13089021502,osm-way-234732964,38.68333333333333,62.68333333333333,5
13089021502,osm-way-234942606,36.266666666666666,60.266666666666666,5
13089021502,osm-way-252608923,38.583333333333336,62.583333333333336,5
13089021502,osm-way-268001356,49.516666666666666,70.28333333333333,5
13089021502,osm-way-269246999,84.5,84.5,5
13089021502,osm-way-269542129,42.666666666666664,64.95,5
13089021502,osm-way-269542737,62.983333333333334,79.71666666666667,5
13089021502,osm-way-269548092,70.95,88.61666666666666,5
13089021502,osm-way-269999028,39.36666666666667,63.36666666666667,5
13089021502,osm-way-270010150,61.35,79.85,5
13089021502,osm-way-270358285,40.9,64.9,5
13089021502,osm-way-270474813,53.15,73.23333333333333,5
13089021502,osm-way-270486467,57.78333333333333,77.78333333333333,5
13089021502,osm-way-270493876,49.11666666666667,69.11666666666666,5
13089021502,osm-way-270494085,46.55,66.55,5
13089021502,osm-way-270494114,52.81666666666667,72.81666666666666,5
13089021502,osm-way-270497388,46.28333333333333,70.28333333333333,5
13089021502,osm-way-270880929,49.25,70.8,5
13089021502,osm-way-272195210,50.36666666666667,91.6,5
13089021502,osm-way-272205524,67.38333333333334,88.01666666666667,5
13089021502,osm-way-273055240,57.21666666666667,101.21666666666668,5
13089021502,osm-way-275809609,70.38333333333334,92.36666666666666,5
13089021502,osm-way-343312205,79.53333333333333,96.41666666666669,5
13089021502,osm-way-348402902,41.983333333333334,65.98333333333333,5
13089021502,osm-way-34845384,61.1,81.1,5
13089021502,osm-way-366848935,79.36666666666666,119.36666666666666,5
13089021502,osm-way-388806051,62.9,75.91666666666667,5
13089021502,osm-way-40860251,19.316666666666663,37.55,5
13089021502,osm-way-40929757,12.983333333333333,38.0,5
13089021502,osm-way-41169860,25.2,42.483333333333334,5
13089021502,osm-way-494707290,66.55,94.96666666666668,5
13089021502,osm-way-494884355,24.083333333333332,41.45,5
13089021502,osm-way-494947781,46.016666666666666,70.01666666666667,5
13089021502,osm-way-51291333,39.61666666666667,54.61666666666667,5
13089021502,osm-way-51301407,39.916666666666664,54.916666666666664,5
13089021502,osm-way-51302619,23.583333333333332,40.95,5
13089021502,osm-way-51311379,63.583333333333336,96.58333333333331,5
13089021502,osm-way-61494982,25.1,42.28333333333333,5
13089021502,osm-way-692240855,46.3,76.3,5
13089021502,osm-way-886340463,39.4,63.4,5
13089021502,osm-way-933073925,10.383333333333333,51.666666666666664,5
13089021502,osm-way-98280771,23.466666666666665,40.833333333333336,5
13089021503,osm-node-10834410890,22.016666666666666,52.016666666666666,5
13089021503,osm-node-10834436435,39.06666666666667,63.06666666666667,5
13089021503,osm-node-11296519692,47.78333333333333,62.78333333333333,5
13089021503,osm-node-11803467005,53.18333333333333,74.1,5
13089021503,osm-node-11810428451,35.38333333333333,59.38333333333333,5
13089021503,osm-node-11874720088,49.63333333333333,51.016666666666666,5
13089021503,osm-node-12124841474,48.45,76.35,5
13089021503,osm-node-12136141359,35.78333333333333,59.78333333333333,5
13089021503,osm-node-1259091133,65.6,79.68333333333334,5
13089021503,osm-node-12619410960,40.88333333333333,64.88333333333334,5
13089021503,osm-node-12623995967,38.333333333333336,62.333333333333336,5
13089021503,osm-node-12776430676,40.56666666666667,64.56666666666666,5
13089021503,osm-node-12800526801,14.616666666666667,32.46666666666667,5
13089021503,osm-node-13019491858,33.766666666666666,57.766666666666666,5
13089021503,osm-node-13062596546,66.95,83.1,5
13089021503,osm-node-13070138146,37.1,61.1,5
13089021503,osm-node-13076662890,48.733333333333334,72.18333333333334,5
13089021503,osm-node-13132027046,43.11666666666667,43.95,5
13089021503,osm-node-13305337619,49.35,73.35,5
13089021503,osm-node-13305370788,36.45,60.45,5
13089021503,osm-node-13515490416,53.55,63.666666666666664,5
13089021503,osm-node-13599896277,52.96666666666667,76.96666666666667,5
13089021503,osm-node-14080656819,61.5,82.41666666666667,5
13089021503,osm-node-1595646778,69.35,94.58333333333331,5
13089021503,osm-node-1748936232,59.416666666666664,82.76666666666667,5
13089021503,osm-node-2277885174,37.583333333333336,61.583333333333336,5
13089021503,osm-node-358780362,21.533333333333335,49.666666666666664,5
13089021503,osm-node-358780376,23.816666666666663,53.81666666666667,5
13089021503,osm-node-367913112,57.2,64.9,5
13089021503,osm-node-367913209,84.55,84.55,5
13089021503,osm-node-367913219,53.28333333333333,73.36666666666666,5
13089021503,osm-node-367913232,73.86666666666666,103.05,5
13089021503,osm-node-367913236,64.28333333333333,84.98333333333333,5
13089021503,osm-node-367913237,64.96666666666667,79.13333333333334,5
13089021503,osm-node-367913244,70.31666666666666,92.3,5
13089021503,osm-node-367913251,61.516666666666666,83.41666666666667,5
13089021503,osm-node-367913254,55.016666666666666,70.01666666666667,5
13089021503,osm-node-367913296,36.166666666666664,66.16666666666667,5
13089021503,osm-node-367913297,36.916666666666664,54.483333333333334,5
13089021503,osm-node-367913299,56.63333333333333,61.63333333333333,5
13089021503,osm-node-367913320,83.76666666666667,89.46666666666667,5
13089021503,osm-node-4237695952,41.983333333333334,65.98333333333333,5
13089021503,osm-node-4864504354,56.93333333333333,76.93333333333334,5
13089021503,osm-node-7211662360,26.166666666666668,44.166666666666664,5
13089021503,osm-node-8113135530,43.7,67.7,5
13089021503,osm-node-871146178,40.583333333333336,41.88333333333333,5
13089021503,osm-node-8825648847,53.766666666666666,75.08333333333333,5
13089021503,osm-node-9462998941,33.78333333333333,57.78333333333333,5
13089021503,osm-relation-3612501,36.266666666666666,60.266666666666666,5
13089021503,osm-relation-3669728,66.46666666666667,94.88333333333334,5
13089021503,osm-relation-5675786,47.8,69.98333333333333,5
13089021503,osm-way-112921497,26.3,48.56666666666667,5
13089021503,osm-way-1221469441,25.966666666666665,43.96666666666667,5
13089021503,osm-way-1263059302,53.85,73.25,5
13089021503,osm-way-1311902697,36.11666666666667,60.11666666666667,5
13089021503,osm-way-173532783,55.166666666666664,72.46666666666667,5
13089021503,osm-way-208158659,36.233333333333334,66.23333333333333,5
13089021503,osm-way-219331009,53.46666666666667,71.51666666666667,5
13089021503,osm-way-231748291,21.683333333333337,53.81666666666667,5
13089021503,osm-way-234732964,38.68333333333333,62.68333333333333,5
13089021503,osm-way-234942606,36.266666666666666,60.266666666666666,5
13089021503,osm-way-252608923,38.583333333333336,62.583333333333336,5
13089021503,osm-way-268001356,49.516666666666666,70.28333333333333,5
13089021503,osm-way-269246999,84.5,84.5,5
13089021503,osm-way-269542129,42.666666666666664,64.95,5
13089021503,osm-way-269542737,62.983333333333334,79.71666666666667,5
13089021503,osm-way-269548092,70.95,88.61666666666666,5
13089021503,osm-way-269999028,39.36666666666667,63.36666666666667,5
13089021503,osm-way-270010150,61.35,79.85,5
13089021503,osm-way-270358285,40.9,64.9,5
13089021503,osm-way-270474813,53.15,73.23333333333333,5
13089021503,osm-way-270486467,57.78333333333333,77.78333333333333,5
13089021503,osm-way-270493876,49.11666666666667,64.6,5
13089021503,osm-way-270494085,46.55,62.03333333333333,5
13089021503,osm-way-270494114,52.81666666666667,67.4,5
13089021503,osm-way-270497388,46.28333333333333,70.28333333333333,5
13089021503,osm-way-270880929,49.25,66.01666666666667,5
13089021503,osm-way-272195210,50.36666666666667,91.6,5
13089021503,osm-way-272205524,67.38333333333334,88.01666666666667,5
13089021503,osm-way-273055240,57.21666666666667,101.21666666666668,5
13089021503,osm-way-275809609,70.38333333333334,92.36666666666666,5
13089021503,osm-way-343312205,79.53333333333333,96.41666666666669,5
13089021503,osm-way-348402902,41.983333333333334,65.98333333333333,5
13089021503,osm-way-34845384,61.1,81.1,5
13089021503,osm-way-366848935,79.36666666666666,119.36666666666666,5
13089021503,osm-way-388806051,62.9,75.91666666666667,5
13089021503,osm-way-40860251,20.2,50.2,5
13089021503,osm-way-40929757,24.35,42.21666666666667,5
13089021503,osm-way-41169860,25.2,50.56666666666667,5
13089021503,osm-way-494707290,66.55,94.96666666666668,5
13089021503,osm-way-494884355,24.083333333333332,50.28333333333333,5
13089021503,osm-way-494947781,46.016666666666666,70.01666666666667,5
13089021503,osm-way-51291333,39.61666666666667,42.61666666666667,5
13089021503,osm-way-51301407,39.916666666666664,44.9,5
13089021503,osm-way-51302619,23.583333333333332,49.11666666666667,5
13089021503,osm-way-51311379,63.583333333333336,96.58333333333331,5
13089021503,osm-way-61494982,25.1,51.21666666666667,5
13089021503,osm-way-692240855,46.3,76.3,5
13089021503,osm-way-886340463,39.4,63.4,5
13089021503,osm-way-933073925,15.55,32.733333333333334,5
13089021503,osm-way-98280771,23.466666666666665,51.166666666666664,5
13089021505,osm-node-10834410890,13.1,44.833333333333336,5
13089021505,osm-node-10834436435,39.06666666666667,75.06666666666666,5
13089021505,osm-node-11296519692,47.78333333333333,62.78333333333333,5
13089021505,osm-node-11803467005,53.18333333333333,83.18333333333334,5
13089021505,osm-node-11810428451,35.38333333333333,71.38333333333334,5
13089021505,osm-node-11874720088,49.63333333333333,64.63333333333334,5
13089021505,osm-node-12124841474,48.45,86.88333333333334,5
13089021505,osm-node-12136141359,35.78333333333333,71.78333333333333,5
13089021505,osm-node-1259091133,65.6,95.6,5
13089021505,osm-node-12619410960,40.88333333333333,76.88333333333334,5
13089021505,osm-node-12623995967,38.333333333333336,74.33333333333333,5
13089021505,osm-node-12776430676,40.56666666666667,76.56666666666666,5
13089021505,osm-node-12800526801,25.2,62.46666666666667,5
13089021505,osm-node-13019491858,33.766666666666666,69.76666666666667,5
13089021505,osm-node-13062596546,66.95,96.83333333333331,5
13089021505,osm-node-13070138146,37.1,73.1,5
13089021505,osm-node-13076662890,48.733333333333334,78.73333333333333,5
13089021505,osm-node-13132027046,43.11666666666667,58.11666666666667,5
13089021505,osm-node-13305337619,49.35,85.35,5
13089021505,osm-node-13305370788,36.45,72.45,5
13089021505,osm-node-13515490416,53.55,73.66666666666667,5
13089021505,osm-node-13599896277,52.96666666666667,88.96666666666667,5
13089021505,osm-node-14080656819,61.5,82.41666666666667,5
13089021505,osm-node-1595646778,69.35,94.58333333333331,5
13089021505,osm-node-1748936232,59.416666666666664,84.03333333333333,5
13089021505,osm-node-2277885174,37.583333333333336,73.58333333333333,5
13089021505,osm-node-358780362,21.533333333333335,34.1,5
13089021505,osm-node-358780376,14.9,46.63333333333333,5
13089021505,osm-node-367913112,57.2,72.2,5
13089021505,osm-node-367913209,84.55,112.46666666666668,5
13089021505,osm-node-367913219,53.28333333333333,88.28333333333333,5
13089021505,osm-node-367913232,73.86666666666666,103.05,5
13089021505,osm-node-367913236,64.28333333333333,99.86666666666666,5
13089021505,osm-node-367913237,64.96666666666667,94.13333333333334,5
13089021505,osm-node-367913244,70.31666666666666,100.95,5
13089021505,osm-node-367913251,61.516666666666666,83.53333333333333,5
13089021505,osm-node-367913254,55.016666666666666,70.01666666666667,5
13089021505,osm-node-367913296,36.166666666666664,66.16666666666667,5
13089021505,osm-node-367913297,36.916666666666664,72.73333333333333,5
13089021505,osm-node-367913299,56.63333333333333,71.63333333333334,5
13089021505,osm-node-367913320,83.76666666666667,112.76666666666668,5
13089021505,osm-node-4237695952,41.983333333333334,77.98333333333333,5
13089021505,osm-node-4864504354,56.93333333333333,86.93333333333334,5
13089021505,osm-node-7211662360,32.06666666666667,44.166666666666664,5
13089021505,osm-node-8113135530,43.7,79.7,5
13089021505,osm-node-871146178,41.88333333333333,56.88333333333333,5
13089021505,osm-node-8825648847,53.766666666666666,89.76666666666667,5
13089021505,osm-node-9462998941,33.78333333333333,69.78333333333333,5
13089021505,osm-relation-3612501,36.266666666666666,72.26666666666667,5
13089021505,osm-relation-3669728,66.46666666666667,106.88333333333334,5
13089021505,osm-relation-5675786,47.8,79.98333333333333,5
13089021505,osm-way-112921497,26.3,39.93333333333333,5
13089021505,osm-way-1221469441,31.866666666666667,43.96666666666667,5
13089021505,osm-way-1263059302,53.85,88.26666666666667,5
13089021505,osm-way-1311902697,36.11666666666667,72.11666666666666,5
13089021505,osm-way-173532783,55.166666666666664,82.46666666666667,5
13089021505,osm-way-208158659,36.233333333333334,66.23333333333333,5
13089021505,osm-way-219331009,53.46666666666667,89.25,5
13089021505,osm-way-231748291,21.683333333333337,57.06666666666667,5
13089021505,osm-way-234732964,38.68333333333333,74.68333333333334,5
13089021505,osm-way-234942606,36.266666666666666,72.26666666666667,5
13089021505,osm-way-252608923,38.583333333333336,74.58333333333333,5
13089021505,osm-way-268001356,49.516666666666666,89.51666666666667,5
13089021505,osm-way-269246999,84.5,112.41666666666669,5
13089021505,osm-way-269542129,42.666666666666664,78.66666666666667,5
13089021505,osm-way-269542737,62.983333333333334,92.98333333333332,5
13089021505,osm-way-269548092,70.95,108.61666666666666,5
13089021505,osm-way-269999028,39.36666666666667,75.36666666666666,5
13089021505,osm-way-270010150,61.35,98.03333333333332,5
13089021505,osm-way-270358285,40.9,76.9,5
13089021505,osm-way-270474813,53.15,88.15,5
13089021505,osm-way-270486467,57.78333333333333,87.78333333333333,5
13089021505,osm-way-270493876,49.11666666666667,74.6,5
13089021505,osm-way-270494085,46.55,72.03333333333333,5
13089021505,osm-way-270494114,52.81666666666667,77.4,5
13089021505,osm-way-270497388,46.28333333333333,81.28333333333333,5
13089021505,osm-way-270880929,49.25,76.01666666666667,5
13089021505,osm-way-272195210,50.36666666666667,101.25,5
13089021505,osm-way-272205524,67.38333333333334,108.01666666666668,5
13089021505,osm-way-273055240,57.21666666666667,108.21666666666668,5
13089021505,osm-way-275809609,70.38333333333334,101.01666666666668,5
13089021505,osm-way-343312205,79.53333333333333,109.53333333333332,5
13089021505,osm-way-348402902,41.983333333333334,77.98333333333333,5
13089021505,osm-way-34845384,61.1,101.1,5
13089021505,osm-way-366848935,79.36666666666666,119.36666666666666,5
13089021505,osm-way-388806051,62.9,92.9,5
13089021505,osm-way-40860251,17.233333333333334,32.05,5
13089021505,osm-way-40929757,29.316666666666663,68.18333333333334,5
13089021505,osm-way-41169860,25.2,38.85,5
13089021505,osm-way-494707290,66.55,106.96666666666668,5
13089021505,osm-way-494884355,24.083333333333332,37.65,5
13089021505,osm-way-494947781,46.016666666666666,78.76666666666667,5
13089021505,osm-way-51291333,39.61666666666667,54.61666666666667,5
13089021505,osm-way-51301407,39.916666666666664,54.916666666666664,5
13089021505,osm-way-51302619,23.583333333333332,37.18333333333333,5
13089021505,osm-way-51311379,63.583333333333336,96.58333333333331,5
13089021505,osm-way-61494982,25.1,39.0,5
13089021505,osm-way-692240855,45.733333333333334,76.3,5
13089021505,osm-way-886340463,39.4,75.4,5
13089021505,osm-way-933073925,30.233333333333334,62.46666666666667,5
13089021505,osm-way-98280771,23.466666666666665,31.1,5
13089022401,osm-node-10834410890,22.216666666666665,27.983333333333334,5
13089022401,osm-node-10834436435,56.3,56.3,5
13089022401,osm-node-11296519692,47.78333333333333,47.78333333333333,5
13089022401,osm-node-11803467005,46.1,53.18333333333333,5
13089022401,osm-node-11810428451,53.38333333333333,53.38333333333333,5
13089022401,osm-node-11874720088,49.63333333333333,49.63333333333333,5
13089022401,osm-node-12124841474,66.88333333333334,66.88333333333334,5
13089022401,osm-node-12136141359,53.78333333333333,53.78333333333333,5
13089022401,osm-node-1259091133,79.68333333333334,79.68333333333334,5
13089022401,osm-node-12619410960,58.88333333333333,58.88333333333333,5
13089022401,osm-node-12623995967,56.333333333333336,56.333333333333336,5
13089022401,osm-node-12776430676,58.56666666666667,58.56666666666667,5
13089022401,osm-node-12800526801,38.266666666666666,38.266666666666666,5
13089022401,osm-node-13019491858,53.31666666666667,53.31666666666667,5
13089022401,osm-node-13062596546,83.1,83.1,5
13089022401,osm-node-13070138146,48.6,48.6,5
13089022401,osm-node-13076662890,43.7,48.733333333333334,5
13089022401,osm-node-13132027046,43.11666666666667,43.11666666666667,5
13089022401,osm-node-13305337619,67.35,67.35,5
13089022401,osm-node-13305370788,60.45,60.45,5
13089022401,osm-node-13515490416,63.666666666666664,63.666666666666664,5
13089022401,osm-node-13599896277,70.96666666666667,70.96666666666667,5
13089022401,osm-node-14080656819,70.0,70.0,5
13089022401,osm-node-1595646778,81.58333333333333,81.58333333333333,5
13089022401,osm-node-1748936232,82.76666666666667,82.76666666666667,5
13089022401,osm-node-2277885174,44.03333333333333,44.03333333333333,5
13089022401,osm-node-358780362,19.05,23.9,5
13089022401,osm-node-358780376,24.016666666666666,29.783333333333335,5
13089022401,osm-node-367913112,57.2,57.2,5
13089022401,osm-node-367913209,84.55,84.55,5
13089022401,osm-node-367913219,73.28333333333333,73.28333333333333,5
13089022401,osm-node-367913232,103.05,103.05,5
13089022401,osm-node-367913236,84.98333333333333,84.98333333333333,5
13089022401,osm-node-367913237,79.13333333333334,79.13333333333334,5
13089022401,osm-node-367913244,85.95,85.95,5
13089022401,osm-node-367913251,68.85,68.85,5
13089022401,osm-node-367913254,55.016666666666666,55.016666666666666,5
13089022401,osm-node-367913296,28.066666666666663,36.166666666666664,5
13089022401,osm-node-367913297,54.483333333333334,54.483333333333334,5
13089022401,osm-node-367913299,61.63333333333333,61.63333333333333,5
13089022401,osm-node-367913320,85.83333333333333,85.83333333333333,5
13089022401,osm-node-4237695952,59.983333333333334,59.983333333333334,5
13089022401,osm-node-4864504354,76.93333333333334,76.93333333333334,5
13089022401,osm-node-7211662360,44.166666666666664,44.166666666666664,5
13089022401,osm-node-8113135530,61.7,61.7,5
13089022401,osm-node-871146178,41.88333333333333,41.88333333333333,5
13089022401,osm-node-8825648847,75.08333333333333,75.08333333333333,5
13089022401,osm-node-9462998941,53.483333333333334,53.483333333333334,5
13089022401,osm-relation-3612501,54.266666666666666,54.266666666666666,5
13089022401,osm-relation-3669728,81.46666666666667,81.46666666666667,5
13089022401,osm-relation-5675786,65.8,65.8,5
13089022401,osm-way-112921497,20.866666666666667,28.666666666666668,5
13089022401,osm-way-1221469441,43.96666666666667,43.96666666666667,5
13089022401,osm-way-1263059302,71.85,71.85,5
13089022401,osm-way-1311902697,54.11666666666667,54.11666666666667,5
13089022401,osm-way-173532783,71.96666666666667,71.96666666666667,5
13089022401,osm-way-208158659,28.133333333333333,36.233333333333334,5
13089022401,osm-way-219331009,71.51666666666667,71.51666666666667,5
13089022401,osm-way-231748291,42.06666666666667,42.06666666666667,5
13089022401,osm-way-234732964,46.483333333333334,46.483333333333334,5
13089022401,osm-way-234942606,54.266666666666666,54.266666666666666,5
13089022401,osm-way-252608923,56.583333333333336,56.583333333333336,5
13089022401,osm-way-268001356,70.28333333333333,70.28333333333333,5
13089022401,osm-way-269246999,84.5,84.5,5
13089022401,osm-way-269542129,64.95,64.95,5
13089022401,osm-way-269542737,79.71666666666667,79.71666666666667,5
13089022401,osm-way-269548092,88.61666666666666,88.61666666666666,5
13089022401,osm-way-269999028,57.36666666666667,57.36666666666667,5
13089022401,osm-way-270010150,79.85,79.85,5
13089022401,osm-way-270358285,58.9,58.9,5
13089022401,osm-way-270474813,73.15,73.15,5
13089022401,osm-way-270486467,77.78333333333333,77.78333333333333,5
13089022401,osm-way-270493876,64.11666666666666,64.11666666666666,5
13089022401,osm-way-270494085,61.55,61.55,5
13089022401,osm-way-270494114,67.4,67.4,5
13089022401,osm-way-270497388,64.28333333333333,64.28333333333333,5
13089022401,osm-way-270880929,64.61666666666666,64.61666666666666,5
13089022401,osm-way-272195210,71.36666666666666,71.36666666666666,5
13089022401,osm-way-272205524,88.01666666666667,88.01666666666667,5
13089022401,osm-way-273055240,78.21666666666667,78.21666666666667,5
13089022401,osm-way-275809609,86.01666666666667,86.01666666666667,5
13089022401,osm-way-343312205,95.26666666666668,95.26666666666668,5
13089022401,osm-way-348402902,59.983333333333334,59.983333333333334,5
13089022401,osm-way-34845384,81.1,81.1,5
13089022401,osm-way-366848935,119.36666666666666,119.36666666666666,5
13089022401,osm-way-388806051,75.91666666666667,75.91666666666667,5
13089022401,osm-way-40860251,22.45,22.55,5
13089022401,osm-way-40929757,39.0,39.0,5
13089022401,osm-way-41169860,19.283333333333335,27.483333333333334,5
13089022401,osm-way-494707290,81.55,81.55,5
13089022401,osm-way-494884355,19.333333333333332,26.45,5
13089022401,osm-way-494947781,64.01666666666667,64.01666666666667,5
13089022401,osm-way-51291333,39.61666666666667,39.61666666666667,5
13089022401,osm-way-51301407,39.916666666666664,39.916666666666664,5
13089022401,osm-way-51302619,18.5,25.95,5
13089022401,osm-way-51311379,63.583333333333336,63.583333333333336,5
13089022401,osm-way-61494982,19.583333333333332,27.283333333333335,5
13089022401,osm-way-692240855,20.016666666666666,34.13333333333333,5
13089022401,osm-way-886340463,57.4,57.4,5
13089022401,osm-way-933073925,42.2,42.2,5
13089022401,osm-way-98280771,23.133333333333333,25.833333333333332,5
13089022403,osm-node-10834410890,27.983333333333334,62.56666666666667,5
13089022403,osm-node-10834436435,48.75,56.3,5
13089022403,osm-node-11296519692,32.78333333333333,47.78333333333333,5
13089022403,osm-node-11803467005,43.31666666666667,53.18333333333333,5
13089022403,osm-node-11810428451,42.55,53.38333333333333,5
13089022403,osm-node-11874720088,34.38333333333333,49.63333333333333,5
13089022403,osm-node-12124841474,57.9,66.88333333333334,5
13089022403,osm-node-12136141359,46.13333333333333,53.78333333333333,5
13089022403,osm-node-1259091133,65.6,79.68333333333334,5
13089022403,osm-node-12619410960,48.05,58.88333333333333,5
13089022403,osm-node-12623995967,48.7,56.333333333333336,5
13089022403,osm-node-12776430676,38.266666666666666,58.56666666666667,5
13089022403,osm-node-12800526801,38.266666666666666,79.15,5
13089022403,osm-node-13019491858,49.93333333333333,53.31666666666667,5
13089022403,osm-node-13062596546,66.95,83.1,5
13089022403,osm-node-13070138146,48.25,48.6,5
13089022403,osm-node-13076662890,41.61666666666667,48.733333333333334,5
13089022403,osm-node-13132027046,28.116666666666667,43.11666666666667,5
13089022403,osm-node-13305337619,54.7,67.35,5
13089022403,osm-node-13305370788,50.45,60.45,5
13089022403,osm-node-13515490416,33.666666666666664,63.666666666666664,5
13089022403,osm-node-13599896277,58.96666666666667,70.96666666666667,5
13089022403,osm-node-14080656819,41.5,70.0,5
13089022403,osm-node-1595646778,53.583333333333336,81.58333333333333,5
13089022403,osm-node-1748936232,52.766666666666666,82.76666666666667,5
13089022403,osm-node-2277885174,44.03333333333333,48.71666666666667,5
13089022403,osm-node-358780362,14.95,54.6,5
13089022403,osm-node-358780376,29.783333333333335,64.36666666666666,5
13089022403,osm-node-367913112,37.5,57.2,5
13089022403,osm-node-367913209,84.55,84.55,5
13089022403,osm-node-367913219,48.28333333333333,73.28333333333333,5
13089022403,osm-node-367913232,73.86666666666666,103.05,5
13089022403,osm-node-367913236,54.983333333333334,84.98333333333333,5
13089022403,osm-node-367913237,64.96666666666667,79.13333333333334,5
13089022403,osm-node-367913244,70.31666666666666,85.95,5
13089022403,osm-node-367913251,43.05,68.85,5
13089022403,osm-node-367913254,40.016666666666666,55.016666666666666,5
13089022403,osm-node-367913296,36.166666666666664,54.166666666666664,5
13089022403,osm-node-367913297,54.483333333333334,71.23333333333333,5
13089022403,osm-node-367913299,31.633333333333333,61.63333333333333,5
13089022403,osm-node-367913320,83.76666666666667,85.83333333333333,5
13089022403,osm-node-4237695952,44.31666666666667,59.983333333333334,5
13089022403,osm-node-4864504354,46.93333333333333,76.93333333333334,5
13089022403,osm-node-7211662360,33.733333333333334,69.0,5
13089022403,osm-node-8113135530,41.88333333333333,61.7,5
13089022403,osm-node-871146178,26.883333333333333,41.88333333333333,5
13089022403,osm-node-8825648847,67.78333333333333,75.08333333333333,5
13089022403,osm-node-9462998941,52.06666666666667,53.483333333333334,5
13089022403,osm-relation-3612501,46.583333333333336,54.266666666666666,5
13089022403,osm-relation-3669728,76.88333333333334,81.46666666666667,5
13089022403,osm-relation-5675786,39.983333333333334,65.8,5
13089022403,osm-way-112921497,13.816666666666666,55.95,5
13089022403,osm-way-1221469441,33.55,68.81666666666666,5
13089022403,osm-way-1263059302,42.53333333333333,71.85,5
13089022403,osm-way-1311902697,46.483333333333334,54.11666666666667,5
13089022403,osm-way-173532783,42.46666666666667,71.96666666666667,5
13089022403,osm-way-208158659,36.233333333333334,54.233333333333334,5
13089022403,osm-way-219331009,49.25,71.51666666666667,5
13089022403,osm-way-231748291,42.06666666666667,67.0,5
13089022403,osm-way-234732964,46.483333333333334,49.81666666666667,5
13089022403,osm-way-234942606,45.93333333333333,54.266666666666666,5
13089022403,osm-way-252608923,38.7,56.583333333333336,5
13089022403,osm-way-268001356,70.28333333333333,70.28333333333333,5
13089022403,osm-way-269246999,84.5,84.5,5
13089022403,osm-way-269542129,59.333333333333336,64.95,5
13089022403,osm-way-269542737,62.983333333333334,79.71666666666667,5
13089022403,osm-way-269548092,67.06666666666666,88.61666666666666,5
13089022403,osm-way-269999028,48.81666666666667,57.36666666666667,5
13089022403,osm-way-270010150,61.35,79.85,5
13089022403,osm-way-270358285,48.06666666666667,58.9,5
13089022403,osm-way-270474813,48.15,73.15,5
13089022403,osm-way-270486467,47.78333333333333,77.78333333333333,5
13089022403,osm-way-270493876,34.6,64.11666666666666,5
13089022403,osm-way-270494085,32.03333333333333,61.55,5
13089022403,osm-way-270494114,37.4,67.4,5
13089022403,osm-way-270497388,41.28333333333333,64.28333333333333,5
13089022403,osm-way-270880929,36.016666666666666,64.61666666666666,5
13089022403,osm-way-272195210,50.36666666666667,71.36666666666666,5
13089022403,osm-way-272205524,67.38333333333334,88.01666666666667,5
13089022403,osm-way-273055240,57.21666666666667,78.21666666666667,5
13089022403,osm-way-275809609,70.38333333333334,86.01666666666667,5
13089022403,osm-way-343312205,68.06666666666666,95.26666666666668,5
13089022403,osm-way-348402902,44.31666666666667,59.983333333333334,5
13089022403,osm-way-34845384,81.1,81.1,5
13089022403,osm-way-366848935,79.36666666666666,119.36666666666666,5
13089022403,osm-way-388806051,62.9,75.91666666666667,5
13089022403,osm-way-40860251,22.45,57.5,5
13089022403,osm-way-40929757,39.0,81.95,5
13089022403,osm-way-41169860,15.8,55.15,5
13089022403,osm-way-494707290,76.96666666666667,81.55,5
13089022403,osm-way-494884355,15.55,55.03333333333333,5
13089022403,osm-way-494947781,41.21666666666667,64.01666666666667,5
13089022403,osm-way-51291333,24.616666666666667,39.61666666666667,5
13089022403,osm-way-51301407,24.916666666666668,39.916666666666664,5
13089022403,osm-way-51302619,14.383333333333333,54.2,5
13089022403,osm-way-51311379,52.15,63.583333333333336,5
13089022403,osm-way-61494982,16.466666666666665,55.45,5
13089022403,osm-way-692240855,35.3,56.25,5
13089022403,osm-way-886340463,46.55,57.4,5
13089022403,osm-way-933073925,42.2,79.36666666666666,5
13089022403,osm-way-98280771,22.283333333333335,58.55,5
13089022501,osm-node-10834410890,32.56666666666667,47.56666666666667,5
13089022501,osm-node-10834436435,38.75,48.75,5
13089022501,osm-node-11296519692,32.78333333333333,32.78333333333333,5
13089022501,osm-node-11803467005,34.1,43.31666666666667,5
13089022501,osm-node-11810428451,32.55,42.55,5
13089022501,osm-node-11874720088,31.583333333333332,48.3,5
13089022501,osm-node-12124841474,48.45,57.9,5
13089022501,osm-node-12136141359,36.13333333333333,46.13333333333333,5
13089022501,osm-node-1259091133,65.6,65.6,5
13089022501,osm-node-12619410960,38.05,48.05,5
13089022501,osm-node-12623995967,38.7,48.7,5
13089022501,osm-node-12776430676,28.266666666666666,38.266666666666666,5
13089022501,osm-node-12800526801,54.983333333333334,62.46666666666667,5
13089022501,osm-node-13019491858,39.93333333333333,49.93333333333333,5
13089022501,osm-node-13062596546,66.95,66.95,5
13089022501,osm-node-13070138146,38.25,48.25,5
13089022501,osm-node-13076662890,32.46666666666667,41.61666666666667,5
13089022501,osm-node-13132027046,5.7,19.466666666666665,5
13089022501,osm-node-13305337619,44.35,54.7,5
13089022501,osm-node-13305370788,40.45,50.45,5
13089022501,osm-node-13515490416,23.666666666666668,33.666666666666664,5
13089022501,osm-node-13599896277,47.96666666666667,58.96666666666667,5
13089022501,osm-node-14080656819,41.5,41.5,5
13089022501,osm-node-1595646778,53.583333333333336,53.583333333333336,5
13089022501,osm-node-1748936232,42.766666666666666,52.766666666666666,5
13089022501,osm-node-2277885174,38.71666666666667,48.71666666666667,5
13089022501,osm-node-358780362,24.6,39.6,5
13089022501,osm-node-358780376,34.36666666666667,49.36666666666667,5
13089022501,osm-node-367913112,27.683333333333337,36.38333333333333,5
13089022501,osm-node-367913209,72.93333333333334,84.55,5
13089022501,osm-node-367913219,38.28333333333333,48.28333333333333,5
13089022501,osm-node-367913232,73.86666666666666,73.86666666666666,5
13089022501,osm-node-367913236,49.86666666666667,54.983333333333334,5
13089022501,osm-node-367913237,49.96666666666667,64.96666666666667,5
13089022501,osm-node-367913244,62.3,70.31666666666666,5
13089022501,osm-node-367913251,43.05,43.05,5
13089022501,osm-node-367913254,40.016666666666666,40.016666666666666,5
13089022501,osm-node-367913296,44.88333333333333,54.166666666666664,5
13089022501,osm-node-367913297,54.483333333333334,71.23333333333333,5
13089022501,osm-node-367913299,21.633333333333333,31.633333333333333,5
13089022501,osm-node-367913320,53.833333333333336,83.76666666666667,5
13089022501,osm-node-4237695952,35.53333333333333,44.31666666666667,5
13089022501,osm-node-4864504354,36.93333333333333,46.93333333333333,5
13089022501,osm-node-7211662360,39.0,44.166666666666664,5
13089022501,osm-node-8113135530,31.933333333333337,41.88333333333333,5
13089022501,osm-node-871146178,4.033333333333333,17.8,5
13089022501,osm-node-8825648847,55.083333333333336,67.78333333333333,5
13089022501,osm-node-9462998941,42.06666666666667,52.06666666666667,5
13089022501,osm-relation-3612501,36.583333333333336,46.583333333333336,5
13089022501,osm-relation-3669728,65.88333333333334,76.88333333333334,5
13089022501,osm-relation-5675786,29.983333333333334,39.983333333333334,5
13089022501,osm-way-112921497,25.95,40.95,5
13089022501,osm-way-1221469441,38.81666666666667,43.96666666666667,5
13089022501,osm-way-1263059302,41.016666666666666,42.53333333333333,5
13089022501,osm-way-1311902697,36.483333333333334,46.483333333333334,5
13089022501,osm-way-173532783,32.46666666666667,42.46666666666667,5
13089022501,osm-way-208158659,44.95,54.233333333333334,5
13089022501,osm-way-219331009,38.0,49.25,5
13089022501,osm-way-231748291,42.06666666666667,57.06666666666667,5
13089022501,osm-way-234732964,39.81666666666667,49.81666666666667,5
13089022501,osm-way-234942606,35.93333333333333,45.93333333333333,5
13089022501,osm-way-252608923,28.7,38.7,5
13089022501,osm-way-268001356,69.51666666666667,70.28333333333333,5
13089022501,osm-way-269246999,72.88333333333334,84.5,5
13089022501,osm-way-269542129,49.333333333333336,59.333333333333336,5
13089022501,osm-way-269542737,62.983333333333334,62.983333333333334,5
13089022501,osm-way-269548092,67.06666666666666,67.06666666666666,5
13089022501,osm-way-269999028,39.733333333333334,48.81666666666667,5
13089022501,osm-way-270010150,61.35,61.35,5
13089022501,osm-way-270358285,38.06666666666667,48.06666666666667,5
13089022501,osm-way-270474813,38.15,48.15,5
13089022501,osm-way-270486467,37.78333333333333,47.78333333333333,5
13089022501,osm-way-270493876,24.6,34.6,5
13089022501,osm-way-270494085,22.033333333333335,32.03333333333333,5
13089022501,osm-way-270494114,27.4,37.4,5
13089022501,osm-way-270497388,31.283333333333335,41.28333333333333,5
13089022501,osm-way-270880929,26.016666666666666,36.016666666666666,5
13089022501,osm-way-272195210,44.666666666666664,50.36666666666667,5
13089022501,osm-way-272205524,67.38333333333334,67.38333333333334,5
13089022501,osm-way-273055240,57.21666666666667,57.21666666666667,5
13089022501,osm-way-275809609,62.36666666666667,70.38333333333334,5
13089022501,osm-way-343312205,64.66666666666667,68.06666666666666,5
13089022501,osm-way-348402902,35.53333333333333,44.31666666666667,5
13089022501,osm-way-34845384,61.1,81.1,5
13089022501,osm-way-366848935,79.36666666666666,79.36666666666666,5
13089022501,osm-way-388806051,62.9,62.9,5
13089022501,osm-way-40860251,27.5,42.5,5
13089022501,osm-way-40929757,53.18333333333333,68.18333333333334,5
13089022501,osm-way-41169860,25.15,40.15,5
13089022501,osm-way-494707290,65.96666666666667,76.96666666666667,5
13089022501,osm-way-494884355,25.033333333333335,40.03333333333333,5
13089022501,osm-way-494947781,31.216666666666665,41.21666666666667,5
13089022501,osm-way-51291333,9.983333333333333,26.366666666666667,5
13089022501,osm-way-51301407,11.65,20.783333333333335,5
13089022501,osm-way-51302619,24.2,39.2,5
13089022501,osm-way-51311379,42.65,57.7,5
13089022501,osm-way-61494982,25.45,40.45,5
13089022501,osm-way-692240855,46.96666666666667,56.25,5
13089022501,osm-way-886340463,36.55,46.55,5
13089022501,osm-way-933073925,60.016666666666666,62.46666666666667,5
13089022501,osm-way-98280771,28.55,43.55,5
13089022601,osm-node-10834410890,32.56666666666667,47.56666666666667,5
13089022601,osm-node-10834436435,48.75,68.75,5
13089022601,osm-node-11296519692,17.783333333333335,47.78333333333333,5
13089022601,osm-node-11803467005,43.31666666666667,63.31666666666667,5
13089022601,osm-node-11810428451,42.55,62.55,5
13089022601,osm-node-11874720088,18.833333333333332,27.85,5
13089022601,osm-node-12124841474,57.9,83.05,5
13089022601,osm-node-12136141359,46.13333333333333,66.13333333333334,5
13089022601,osm-node-1259091133,65.6,95.6,5
13089022601,osm-node-12619410960,48.05,68.05,5
13089022601,osm-node-12623995967,48.7,68.7,5
13089022601,osm-node-12776430676,38.266666666666666,58.266666666666666,5
13089022601,osm-node-12800526801,32.46666666666667,62.46666666666667,5
13089022601,osm-node-13019491858,49.93333333333333,69.76666666666667,5
13089022601,osm-node-13062596546,66.95,96.83333333333331,5
13089022601,osm-node-13070138146,48.25,68.25,5
13089022601,osm-node-13076662890,41.61666666666667,61.61666666666667,5
13089022601,osm-node-13132027046,10.0,32.516666666666666,5
13089022601,osm-node-13305337619,54.7,73.35,5
13089022601,osm-node-13305370788,50.45,70.45,5
13089022601,osm-node-13515490416,33.666666666666664,53.666666666666664,5
13089022601,osm-node-13599896277,58.96666666666667,76.96666666666667,5
13089022601,osm-node-14080656819,39.36666666666667,61.5,5
13089022601,osm-node-1595646778,52.833333333333336,81.58333333333333,5
13089022601,osm-node-1748936232,52.766666666666666,72.76666666666667,5
13089022601,osm-node-2277885174,48.71666666666667,68.71666666666667,5
13089022601,osm-node-358780362,24.6,35.083333333333336,5
13089022601,osm-node-358780376,34.36666666666667,49.36666666666667,5
13089022601,osm-node-367913112,27.2,57.2,5
13089022601,osm-node-367913209,84.55,85.96666666666667,5
13089022601,osm-node-367913219,48.28333333333333,68.28333333333333,5
13089022601,osm-node-367913232,73.86666666666666,103.05,5
13089022601,osm-node-367913236,54.983333333333334,79.86666666666666,5
13089022601,osm-node-367913237,64.96666666666667,79.13333333333334,5
13089022601,osm-node-367913244,70.31666666666666,92.3,5
13089022601,osm-node-367913251,38.2,63.05,5
13089022601,osm-node-367913254,25.016666666666666,55.016666666666666,5
13089022601,osm-node-367913296,54.166666666666664,66.16666666666667,5
13089022601,osm-node-367913297,54.483333333333334,72.73333333333333,5
13089022601,osm-node-367913299,31.633333333333333,51.63333333333333,5
13089022601,osm-node-367913320,83.76666666666667,85.83333333333333,5
13089022601,osm-node-4237695952,44.31666666666667,64.66666666666667,5
13089022601,osm-node-4864504354,46.93333333333333,66.93333333333334,5
13089022601,osm-node-7211662360,14.166666666666666,37.166666666666664,5
13089022601,osm-node-8113135530,41.88333333333333,61.88333333333333,5
13089022601,osm-node-871146178,7.116666666666666,33.03333333333333,5
13089022601,osm-node-8825648847,67.78333333333333,87.78333333333333,5
13089022601,osm-node-9462998941,52.06666666666667,69.78333333333333,5
13089022601,osm-relation-3612501,46.583333333333336,66.58333333333333,5
13089022601,osm-relation-3669728,76.88333333333334,94.88333333333334,5
13089022601,osm-relation-5675786,39.983333333333334,59.983333333333334,5
13089022601,osm-way-112921497,25.95,33.983333333333334,5
13089022601,osm-way-1221469441,13.966666666666669,36.96666666666667,5
13089022601,osm-way-1263059302,42.53333333333333,71.01666666666667,5
13089022601,osm-way-1311902697,46.483333333333334,66.48333333333333,5
13089022601,osm-way-173532783,42.46666666666667,61.96666666666667,5
13089022601,osm-way-208158659,54.233333333333334,66.23333333333333,5
13089022601,osm-way-219331009,49.25,63.61666666666667,5
13089022601,osm-way-231748291,42.06666666666667,57.06666666666667,5
13089022601,osm-way-234732964,49.81666666666667,69.81666666666666,5
13089022601,osm-way-234942606,45.93333333333333,65.93333333333334,5
13089022601,osm-way-252608923,38.7,58.7,5
13089022601,osm-way-268001356,70.28333333333333,89.51666666666667,5
13089022601,osm-way-269246999,84.5,85.91666666666667,5
13089022601,osm-way-269542129,59.333333333333336,78.66666666666667,5
13089022601,osm-way-269542737,62.983333333333334,92.98333333333332,5
13089022601,osm-way-269548092,67.06666666666666,88.61666666666666,5
13089022601,osm-way-269999028,48.81666666666667,68.81666666666666,5
13089022601,osm-way-270010150,61.35,79.85,5
13089022601,osm-way-270358285,48.06666666666667,68.06666666666666,5
13089022601,osm-way-270474813,48.15,68.15,5
13089022601,osm-way-270486467,47.78333333333333,67.78333333333333,5
13089022601,osm-way-270493876,34.6,54.6,5
13089022601,osm-way-270494085,32.03333333333333,52.03333333333333,5
13089022601,osm-way-270494114,37.4,57.4,5
13089022601,osm-way-270497388,41.28333333333333,61.28333333333333,5
13089022601,osm-way-270880929,36.016666666666666,56.016666666666666,5
13089022601,osm-way-272195210,50.36666666666667,71.36666666666666,5
13089022601,osm-way-272205524,67.38333333333334,88.01666666666667,5
13089022601,osm-way-273055240,57.21666666666667,78.21666666666667,5
13089022601,osm-way-275809609,70.38333333333334,92.36666666666666,5
13089022601,osm-way-343312205,68.06666666666666,95.26666666666668,5
13089022601,osm-way-348402902,44.31666666666667,64.66666666666667,5
13089022601,osm-way-34845384,81.1,101.1,5
13089022601,osm-way-366848935,79.36666666666666,79.36666666666666,5
13089022601,osm-way-388806051,62.9,92.9,5
13089022601,osm-way-40860251,27.5,42.5,5
13089022601,osm-way-40929757,42.21666666666667,68.18333333333334,5
13089022601,osm-way-41169860,25.15,35.983333333333334,5
13089022601,osm-way-494707290,76.96666666666667,94.96666666666668,5
13089022601,osm-way-494884355,25.033333333333335,35.68333333333333,5
13089022601,osm-way-494947781,41.21666666666667,61.21666666666667,5
13089022601,osm-way-51291333,6.566666666666666,29.833333333333332,5
13089022601,osm-way-51301407,9.916666666666666,34.766666666666666,5
13089022601,osm-way-51302619,24.2,34.516666666666666,5
13089022601,osm-way-51311379,32.333333333333336,63.583333333333336,5
13089022601,osm-way-61494982,25.45,36.63333333333333,5
13089022601,osm-way-692240855,56.25,76.25,5
13089022601,osm-way-886340463,46.55,66.55,5
13089022601,osm-way-933073925,32.46666666666667,62.46666666666667,5
13089022601,osm-way-98280771,28.55,42.43333333333333,5
13089022700,osm-node-10834410890,47.56666666666667,62.56666666666667,5
13089022700,osm-node-10834436435,38.75,58.75,5
13089022700,osm-node-11296519692,25.55,32.78333333333333,5
13089022700,osm-node-11803467005,34.1,54.1,5
13089022700,osm-node-11810428451,32.55,52.55,5
13089022700,osm-node-11874720088,31.583333333333332,48.833333333333336,5
13089022700,osm-node-12124841474,48.45,73.05,5
13089022700,osm-node-12136141359,36.13333333333333,56.13333333333333,5
13089022700,osm-node-1259091133,65.6,79.68333333333334,5
13089022700,osm-node-12619410960,38.05,58.05,5
13089022700,osm-node-12623995967,38.7,58.7,5
13089022700,osm-node-12776430676,28.266666666666666,48.266666666666666,5
13089022700,osm-node-12800526801,62.46666666666667,84.98333333333333,5
13089022700,osm-node-13019491858,39.93333333333333,59.93333333333333,5
13089022700,osm-node-13062596546,66.95,83.1,5
13089022700,osm-node-13070138146,38.25,58.25,5
13089022700,osm-node-13076662890,32.46666666666667,52.46666666666667,5
13089022700,osm-node-13132027046,20.466666666666665,40.46666666666667,5
13089022700,osm-node-13305337619,44.35,61.35,5
13089022700,osm-node-13305370788,40.45,60.45,5
13089022700,osm-node-13515490416,23.666666666666668,43.666666666666664,5
13089022700,osm-node-13599896277,47.96666666666667,64.96666666666667,5
13089022700,osm-node-14080656819,39.36666666666667,41.5,5
13089022700,osm-node-1595646778,53.583333333333336,53.583333333333336,5
13089022700,osm-node-1748936232,42.766666666666666,53.416666666666664,5
13089022700,osm-node-2277885174,38.71666666666667,58.71666666666667,5
13089022700,osm-node-358780362,39.6,54.6,5
13089022700,osm-node-358780376,49.36666666666667,64.36666666666666,5
13089022700,osm-node-367913112,16.25,23.25,5
13089022700,osm-node-367913209,72.93333333333334,84.55,5
13089022700,osm-node-367913219,38.28333333333333,58.28333333333333,5
13089022700,osm-node-367913232,73.86666666666666,103.05,5
13089022700,osm-node-367913236,49.86666666666667,69.86666666666666,5
13089022700,osm-node-367913237,49.96666666666667,77.46666666666667,5
13089022700,osm-node-367913244,62.3,85.31666666666666,5
13089022700,osm-node-367913251,38.2,43.05,5
13089022700,osm-node-367913254,40.016666666666666,40.016666666666666,5
13089022700,osm-node-367913296,44.88333333333333,64.88333333333334,5
13089022700,osm-node-367913297,54.483333333333334,81.23333333333333,5
13089022700,osm-node-367913299,21.633333333333333,41.63333333333333,5
13089022700,osm-node-367913320,53.833333333333336,85.83333333333333,5
13089022700,osm-node-4237695952,35.53333333333333,53.233333333333334,5
13089022700,osm-node-4864504354,36.93333333333333,56.93333333333333,5
13089022700,osm-node-7211662360,44.166666666666664,69.0,5
13089022700,osm-node-8113135530,31.933333333333337,49.86666666666667,5
13089022700,osm-node-871146178,17.1,37.1,5
13089022700,osm-node-8825648847,55.083333333333336,75.08333333333333,5
13089022700,osm-node-9462998941,42.06666666666667,62.06666666666667,5
13089022700,osm-relation-3612501,36.583333333333336,56.583333333333336,5
13089022700,osm-relation-3669728,65.88333333333334,81.46666666666667,5
13089022700,osm-relation-5675786,29.983333333333334,49.983333333333334,5
13089022700,osm-way-112921497,40.95,55.95,5
13089022700,osm-way-1221469441,43.96666666666667,68.81666666666666,5
13089022700,osm-way-1263059302,41.016666666666666,58.333333333333336,5
13089022700,osm-way-1311902697,36.483333333333334,56.483333333333334,5
13089022700,osm-way-173532783,32.46666666666667,52.46666666666667,5
13089022700,osm-way-208158659,44.95,64.95,5
13089022700,osm-way-219331009,38.0,59.25,5
13089022700,osm-way-231748291,57.06666666666667,72.06666666666666,5
13089022700,osm-way-234732964,39.81666666666667,59.81666666666667,5
13089022700,osm-way-234942606,35.93333333333333,55.93333333333333,5
13089022700,osm-way-252608923,28.7,48.7,5
13089022700,osm-way-268001356,69.51666666666667,89.51666666666667,5
13089022700,osm-way-269246999,72.88333333333334,84.5,5
13089022700,osm-way-269542129,49.333333333333336,69.33333333333333,5
13089022700,osm-way-269542737,62.983333333333334,79.71666666666667,5
13089022700,osm-way-269548092,67.06666666666666,82.38333333333334,5
13089022700,osm-way-269999028,39.733333333333334,59.733333333333334,5
13089022700,osm-way-270010150,61.35,67.03333333333333,5
13089022700,osm-way-270358285,38.06666666666667,58.06666666666667,5
13089022700,osm-way-270474813,38.15,58.15,5
13089022700,osm-way-270486467,37.78333333333333,57.78333333333333,5
13089022700,osm-way-270493876,24.6,44.6,5
13089022700,osm-way-270494085,22.033333333333335,42.03333333333333,5
13089022700,osm-way-270494114,27.4,47.4,5
13089022700,osm-way-270497388,31.283333333333335,51.28333333333333,5
13089022700,osm-way-270880929,26.016666666666666,46.016666666666666,5
13089022700,osm-way-272195210,44.666666666666664,69.11666666666666,5
13089022700,osm-way-272205524,67.38333333333334,88.01666666666667,5
13089022700,osm-way-273055240,57.21666666666667,78.21666666666667,5
13089022700,osm-way-275809609,62.36666666666667,85.38333333333334,5
13089022700,osm-way-343312205,64.66666666666667,79.53333333333333,5
13089022700,osm-way-348402902,35.53333333333333,53.233333333333334,5
13089022700,osm-way-34845384,61.1,81.1,5
13089022700,osm-way-366848935,79.36666666666666,79.36666666666666,5
13089022700,osm-way-388806051,62.9,75.91666666666667,5
13089022700,osm-way-40860251,42.5,57.5,5
13089022700,osm-way-40929757,68.18333333333334,83.18333333333334,5
13089022700,osm-way-41169860,40.15,55.15,5
13089022700,osm-way-494707290,65.96666666666667,81.55,5
13089022700,osm-way-494884355,40.03333333333333,55.03333333333333,5
13089022700,osm-way-494947781,31.216666666666665,48.766666666666666,5
13089022700,osm-way-51291333,18.866666666666667,38.86666666666667,5
13089022700,osm-way-51301407,17.016666666666666,37.016666666666666,5
13089022700,osm-way-51302619,39.2,54.2,5
13089022700,osm-way-51311379,19.75,33.0,5
13089022700,osm-way-61494982,40.45,55.45,5
13089022700,osm-way-692240855,46.96666666666667,66.96666666666667,5
13089022700,osm-way-886340463,36.55,56.55,5
13089022700,osm-way-933073925,62.46666666666667,90.01666666666667,5
13089022700,osm-way-98280771,43.55,58.55,5
13089022800,osm-node-10834410890,47.56666666666667,47.56666666666667,5
13089022800,osm-node-10834436435,48.75,58.75,5
13089022800,osm-node-11296519692,15.95,32.78333333333333,5
13089022800,osm-node-11803467005,43.31666666666667,54.1,5
13089022800,osm-node-11810428451,42.55,52.55,5
13089022800,osm-node-11874720088,31.583333333333332,48.833333333333336,5
13089022800,osm-node-12124841474,57.9,73.05,5
13089022800,osm-node-12136141359,46.13333333333333,56.13333333333333,5
13089022800,osm-node-1259091133,65.6,79.68333333333334,5
13089022800,osm-node-12619410960,48.05,58.05,5
13089022800,osm-node-12623995967,48.7,58.7,5
13089022800,osm-node-12776430676,38.266666666666666,48.266666666666666,5
13089022800,osm-node-12800526801,62.46666666666667,62.46666666666667,5
13089022800,osm-node-13019491858,49.93333333333333,59.93333333333333,5
13089022800,osm-node-13062596546,66.95,83.1,5
13089022800,osm-node-13070138146,48.25,58.25,5
13089022800,osm-node-13076662890,41.61666666666667,52.46666666666667,5
13089022800,osm-node-13132027046,20.633333333333333,31.05,5
13089022800,osm-node-13305337619,54.7,61.35,5
13089022800,osm-node-13305370788,50.45,60.45,5
13089022800,osm-node-13515490416,33.666666666666664,43.666666666666664,5
13089022800,osm-node-13599896277,58.96666666666667,64.96666666666667,5
13089022800,osm-node-14080656819,39.36666666666667,54.68333333333333,5
13089022800,osm-node-1595646778,52.833333333333336,60.68333333333333,5
13089022800,osm-node-1748936232,52.766666666666666,54.03333333333333,5
13089022800,osm-node-2277885174,48.71666666666667,58.71666666666667,5
13089022800,osm-node-358780362,39.6,39.6,5
13089022800,osm-node-358780376,49.36666666666667,49.36666666666667,5
13089022800,osm-node-367913112,27.2,33.1,5
13089022800,osm-node-367913209,84.55,84.55,5
13089022800,osm-node-367913219,48.28333333333333,58.28333333333333,5
13089022800,osm-node-367913232,73.86666666666666,103.05,5
13089022800,osm-node-367913236,54.983333333333334,69.86666666666666,5
13089022800,osm-node-367913237,64.96666666666667,77.46666666666667,5
13089022800,osm-node-367913244,70.31666666666666,85.31666666666666,5
13089022800,osm-node-367913251,38.2,53.45,5
13089022800,osm-node-367913254,25.016666666666666,40.016666666666666,5
13089022800,osm-node-367913296,54.166666666666664,64.88333333333334,5
13089022800,osm-node-367913297,71.23333333333333,72.73333333333333,5
13089022800,osm-node-367913299,31.633333333333333,41.63333333333333,5
13089022800,osm-node-367913320,83.76666666666667,85.83333333333333,5
13089022800,osm-node-4237695952,44.31666666666667,53.233333333333334,5
13089022800,osm-node-4864504354,46.93333333333333,56.93333333333333,5
13089022800,osm-node-7211662360,44.166666666666664,44.166666666666664,5
13089022800,osm-node-8113135530,41.88333333333333,49.86666666666667,5
13089022800,osm-node-871146178,17.266666666666666,27.666666666666668,5
13089022800,osm-node-8825648847,67.78333333333333,75.08333333333333,5
13089022800,osm-node-9462998941,52.06666666666667,62.06666666666667,5
13089022800,osm-relation-3612501,46.583333333333336,56.583333333333336,5
13089022800,osm-relation-3669728,76.88333333333334,81.46666666666667,5
13089022800,osm-relation-5675786,39.983333333333334,49.983333333333334,5
13089022800,osm-way-112921497,40.95,40.95,5
13089022800,osm-way-1221469441,43.96666666666667,43.96666666666667,5
13089022800,osm-way-1263059302,42.53333333333333,58.333333333333336,5
13089022800,osm-way-1311902697,46.483333333333334,56.483333333333334,5
13089022800,osm-way-173532783,42.46666666666667,52.46666666666667,5
13089022800,osm-way-208158659,54.233333333333334,64.95,5
13089022800,osm-way-219331009,49.25,59.25,5
13089022800,osm-way-231748291,57.06666666666667,57.06666666666667,5
13089022800,osm-way-234732964,49.81666666666667,59.81666666666667,5
13089022800,osm-way-234942606,45.93333333333333,55.93333333333333,5
13089022800,osm-way-252608923,38.7,48.7,5
13089022800,osm-way-268001356,70.28333333333333,89.51666666666667,5
13089022800,osm-way-269246999,84.5,84.5,5
13089022800,osm-way-269542129,59.333333333333336,69.33333333333333,5
13089022800,osm-way-269542737,62.983333333333334,79.71666666666667,5
13089022800,osm-way-269548092,67.06666666666666,82.38333333333334,5
13089022800,osm-way-269999028,48.81666666666667,59.733333333333334,5
13089022800,osm-way-270010150,61.35,67.03333333333333,5
13089022800,osm-way-270358285,48.06666666666667,58.06666666666667,5
13089022800,osm-way-270474813,48.15,58.15,5
13089022800,osm-way-270486467,47.78333333333333,57.78333333333333,5
13089022800,osm-way-270493876,34.6,44.6,5
13089022800,osm-way-270494085,32.03333333333333,42.03333333333333,5
13089022800,osm-way-270494114,37.4,47.4,5
13089022800,osm-way-270497388,41.28333333333333,51.28333333333333,5
13089022800,osm-way-270880929,36.016666666666666,46.016666666666666,5
13089022800,osm-way-272195210,50.36666666666667,69.11666666666666,5
13089022800,osm-way-272205524,67.38333333333334,88.01666666666667,5
13089022800,osm-way-273055240,57.21666666666667,78.21666666666667,5
13089022800,osm-way-275809609,70.38333333333334,85.38333333333334,5
13089022800,osm-way-343312205,68.06666666666666,79.53333333333333,5
13089022800,osm-way-348402902,44.31666666666667,53.233333333333334,5
13089022800,osm-way-34845384,81.1,81.1,5
13089022800,osm-way-366848935,79.36666666666666,79.36666666666666,5
13089022800,osm-way-388806051,62.9,75.91666666666667,5
13089022800,osm-way-40860251,42.5,42.5,5
13089022800,osm-way-40929757,68.18333333333334,68.18333333333334,5
13089022800,osm-way-41169860,40.15,40.15,5
13089022800,osm-way-494707290,76.96666666666667,81.55,5
13089022800,osm-way-494884355,40.03333333333333,40.03333333333333,5
13089022800,osm-way-494947781,41.21666666666667,48.766666666666666,5
13089022800,osm-way-51291333,18.266666666666666,27.233333333333334,5
13089022800,osm-way-51301407,13.316666666666666,23.366666666666667,5
13089022800,osm-way-51302619,39.2,39.2,5
13089022800,osm-way-51311379,32.333333333333336,60.1,5
13089022800,osm-way-61494982,40.45,40.45,5
13089022800,osm-way-692240855,56.25,66.96666666666667,5
13089022800,osm-way-886340463,46.55,56.55,5
13089022800,osm-way-933073925,62.46666666666667,62.46666666666667,5
13089022800,osm-way-98280771,43.55,43.55,5
13089023801,osm-node-10834410890,74.56666666666666,89.56666666666666,5
13089023801,osm-node-10834436435,48.75,68.75,5
13089023801,osm-node-11296519692,50.36666666666667,57.55,5
13089023801,osm-node-11803467005,43.31666666666667,63.31666666666667,5
13089023801,osm-node-11810428451,42.55,62.55,5
13089023801,osm-node-11874720088,61.583333333333336,78.2,5
13089023801,osm-node-12124841474,57.9,83.05,5
13089023801,osm-node-12136141359,46.13333333333333,66.13333333333334,5
13089023801,osm-node-1259091133,65.6,95.6,5
13089023801,osm-node-12619410960,45.5,65.5,5
13089023801,osm-node-12623995967,48.7,68.7,5
13089023801,osm-node-12776430676,38.266666666666666,58.266666666666666,5
13089023801,osm-node-12800526801,79.15,100.26666666666668,5
13089023801,osm-node-13019491858,49.93333333333333,69.93333333333334,5
13089023801,osm-node-13062596546,66.95,96.83333333333331,5
13089023801,osm-node-13070138146,48.25,68.25,5
13089023801,osm-node-13076662890,41.61666666666667,61.61666666666667,5
13089023801,osm-node-13132027046,50.46666666666667,70.46666666666667,5
13089023801,osm-node-13305337619,54.7,66.98333333333333,5
13089023801,osm-node-13305370788,50.45,70.45,5
13089023801,osm-node-13515490416,20.166666666666668,40.166666666666664,5
13089023801,osm-node-13599896277,58.96666666666667,74.0,5
13089023801,osm-node-14080656819,14.8,34.8,5
13089023801,osm-node-1595646778,39.016666666666666,53.583333333333336,5
13089023801,osm-node-1748936232,25.933333333333337,52.86666666666667,5
13089023801,osm-node-2277885174,48.71666666666667,68.71666666666667,5
13089023801,osm-node-358780362,66.6,81.6,5
13089023801,osm-node-358780376,76.36666666666666,91.36666666666666,5
13089023801,osm-node-367913112,58.666666666666664,72.81666666666666,5
13089023801,osm-node-367913209,84.55,85.96666666666667,5
13089023801,osm-node-367913219,48.28333333333333,68.28333333333333,5
13089023801,osm-node-367913232,73.86666666666666,103.05,5
13089023801,osm-node-367913236,54.983333333333334,79.86666666666666,5
13089023801,osm-node-367913237,64.96666666666667,66.06666666666666,5
13089023801,osm-node-367913244,70.31666666666666,70.31666666666666,5
13089023801,osm-node-367913251,15.533333333333331,33.15,5
13089023801,osm-node-367913254,52.18333333333333,70.01666666666667,5
13089023801,osm-node-367913296,51.9,71.9,5
13089023801,osm-node-367913297,59.4,82.4,5
13089023801,osm-node-367913299,32.1,52.1,5
13089023801,osm-node-367913320,80.61666666666666,80.61666666666666,5
13089023801,osm-node-4237695952,42.416666666666664,58.416666666666664,5
13089023801,osm-node-4864504354,46.93333333333333,66.93333333333334,5
13089023801,osm-node-7211662360,74.16666666666667,96.0,5
13089023801,osm-node-8113135530,39.13333333333333,57.833333333333336,5
13089023801,osm-node-871146178,47.1,67.1,5
13089023801,osm-node-8825648847,67.78333333333333,87.78333333333333,5
13089023801,osm-node-9462998941,52.06666666666667,72.06666666666666,5
13089023801,osm-relation-3612501,46.583333333333336,66.58333333333333,5
13089023801,osm-relation-3669728,76.88333333333334,85.71666666666667,5
13089023801,osm-relation-5675786,37.61666666666667,59.11666666666667,5
13089023801,osm-way-112921497,67.95,82.95,5
13089023801,osm-way-1221469441,73.96666666666667,95.81666666666666,5
13089023801,osm-way-1263059302,42.53333333333333,71.01666666666667,5
13089023801,osm-way-1311902697,46.483333333333334,66.48333333333333,5
13089023801,osm-way-173532783,36.2,58.166666666666664,5
13089023801,osm-way-208158659,51.96666666666667,71.96666666666667,5
13089023801,osm-way-219331009,38.0,63.61666666666667,5
13089023801,osm-way-231748291,67.0,82.0,5
13089023801,osm-way-234732964,49.81666666666667,69.81666666666666,5
13089023801,osm-way-234942606,45.93333333333333,65.93333333333334,5
13089023801,osm-way-252608923,37.25,58.7,5
13089023801,osm-way-268001356,70.28333333333333,90.65,5
13089023801,osm-way-269246999,84.5,85.91666666666667,5
13089023801,osm-way-269542129,59.333333333333336,79.33333333333333,5
13089023801,osm-way-269542737,62.983333333333334,92.98333333333332,5
13089023801,osm-way-269548092,67.06666666666666,88.61666666666666,5
13089023801,osm-way-269999028,48.15,68.15,5
13089023801,osm-way-270010150,61.35,79.85,5
13089023801,osm-way-270358285,45.516666666666666,65.51666666666667,5
13089023801,osm-way-270474813,48.15,68.15,5
13089023801,osm-way-270486467,47.78333333333333,67.78333333333333,5
13089023801,osm-way-270493876,31.516666666666666,54.6,5
13089023801,osm-way-270494085,30.233333333333334,52.03333333333333,5
13089023801,osm-way-270494114,36.56666666666667,56.483333333333334,5
13089023801,osm-way-270497388,41.28333333333333,61.28333333333333,5
13089023801,osm-way-270880929,31.25,52.93333333333333,5
13089023801,osm-way-272195210,50.36666666666667,59.016666666666666,5
13089023801,osm-way-272205524,67.38333333333334,88.01666666666667,5
13089023801,osm-way-273055240,57.21666666666667,57.21666666666667,5
13089023801,osm-way-275809609,70.38333333333334,70.38333333333334,5
13089023801,osm-way-343312205,68.06666666666666,95.26666666666668,5
13089023801,osm-way-348402902,42.416666666666664,58.416666666666664,5
13089023801,osm-way-34845384,81.1,101.1,5
13089023801,osm-way-366848935,39.36666666666667,39.36666666666667,5
13089023801,osm-way-388806051,62.9,92.9,5
13089023801,osm-way-40860251,69.5,84.5,5
13089023801,osm-way-40929757,81.95,96.95,5
13089023801,osm-way-41169860,67.15,82.15,5
13089023801,osm-way-494707290,76.96666666666667,85.8,5
13089023801,osm-way-494884355,67.03333333333333,82.03333333333333,5
13089023801,osm-way-494947781,37.15,58.9,5
13089023801,osm-way-51291333,48.86666666666667,68.86666666666666,5
13089023801,osm-way-51301407,47.016666666666666,66.53333333333333,5
13089023801,osm-way-51302619,66.2,81.2,5
13089023801,osm-way-51311379,52.88333333333333,60.15,5
13089023801,osm-way-61494982,67.45,82.45,5
13089023801,osm-way-692240855,50.733333333333334,70.73333333333333,5
13089023801,osm-way-886340463,45.21666666666667,65.21666666666667,5
13089023801,osm-way-933073925,79.36666666666666,101.91666666666669,5
13089023801,osm-way-98280771,70.55,85.55,5
13089023803,osm-node-10834410890,74.56666666666666,103.56666666666666,5
13089023803,osm-node-10834436435,48.75,78.75,5
13089023803,osm-node-11296519692,44.083333333333336,74.08333333333333,5
13089023803,osm-node-11803467005,63.31666666666667,83.31666666666666,5
13089023803,osm-node-11810428451,42.55,72.55,5
13089023803,osm-node-11874720088,61.583333333333336,104.95,5
13089023803,osm-node-12124841474,57.9,92.48333333333332,5
13089023803,osm-node-12136141359,46.13333333333333,76.13333333333334,5
13089023803,osm-node-1259091133,65.6,95.6,5
13089023803,osm-node-12619410960,48.05,78.05,5
13089023803,osm-node-12623995967,48.7,78.7,5
13089023803,osm-node-12776430676,34.81666666666667,65.55,5
13089023803,osm-node-12800526801,79.15,109.15,5
13089023803,osm-node-13019491858,49.93333333333333,79.93333333333334,5
13089023803,osm-node-13062596546,66.95,96.83333333333331,5
13089023803,osm-node-13070138146,48.25,78.25,5
13089023803,osm-node-13076662890,61.61666666666667,81.61666666666666,5
13089023803,osm-node-13132027046,50.46666666666667,89.05,5
13089023803,osm-node-13305337619,49.35,79.35,5
13089023803,osm-node-13305370788,50.45,80.45,5
13089023803,osm-node-13515490416,40.166666666666664,60.46666666666667,5
13089023803,osm-node-13599896277,52.96666666666667,82.96666666666667,5
13089023803,osm-node-14080656819,34.8,56.65,5
13089023803,osm-node-1595646778,14.816666666666666,42.7,5
13089023803,osm-node-1748936232,53.416666666666664,81.28333333333333,5
13089023803,osm-node-2277885174,48.71666666666667,78.71666666666667,5
13089023803,osm-node-358780362,66.6,95.6,5
13089023803,osm-node-358780376,76.36666666666666,105.36666666666666,5
13089023803,osm-node-367913112,43.46666666666667,83.46666666666667,5
13089023803,osm-node-367913209,84.55,112.46666666666668,5
13089023803,osm-node-367913219,48.28333333333333,83.28333333333333,5
13089023803,osm-node-367913232,73.86666666666666,103.05,5
13089023803,osm-node-367913236,54.983333333333334,88.33333333333333,5
13089023803,osm-node-367913237,64.96666666666667,94.13333333333334,5
13089023803,osm-node-367913244,70.31666666666666,100.95,5
13089023803,osm-node-367913251,35.53333333333333,57.45,5
13089023803,osm-node-367913254,40.88333333333333,70.88333333333334,5
13089023803,osm-node-367913296,61.28333333333333,91.28333333333332,5
13089023803,osm-node-367913297,71.23333333333333,101.23333333333332,5
13089023803,osm-node-367913299,51.63333333333333,72.4,5
13089023803,osm-node-367913320,53.833333333333336,85.83333333333333,5
13089023803,osm-node-4237695952,36.38333333333333,67.33333333333333,5
13089023803,osm-node-4864504354,46.93333333333333,86.93333333333334,5
13089023803,osm-node-7211662360,74.16666666666667,104.16666666666669,5
13089023803,osm-node-8113135530,35.68333333333333,66.13333333333334,5
13089023803,osm-node-871146178,47.1,85.66666666666667,5
13089023803,osm-node-8825648847,67.78333333333333,95.08333333333331,5
13089023803,osm-node-9462998941,52.06666666666667,82.06666666666666,5
13089023803,osm-relation-3612501,46.583333333333336,76.58333333333333,5
13089023803,osm-relation-3669728,66.46666666666667,96.46666666666668,5
13089023803,osm-relation-5675786,35.7,66.03333333333333,5
13089023803,osm-way-112921497,67.95,96.95,5
13089023803,osm-way-1221469441,73.96666666666667,103.96666666666668,5
13089023803,osm-way-1263059302,40.06666666666667,70.95,5
13089023803,osm-way-1311902697,46.483333333333334,76.48333333333333,5
13089023803,osm-way-173532783,45.36666666666667,75.7,5
13089023803,osm-way-208158659,61.35,91.35,5
13089023803,osm-way-219331009,51.2,81.53333333333333,5
13089023803,osm-way-231748291,67.0,97.0,5
13089023803,osm-way-234732964,49.81666666666667,79.81666666666666,5
13089023803,osm-way-234942606,45.93333333333333,75.93333333333334,5
13089023803,osm-way-252608923,32.25,62.9,5
13089023803,osm-way-268001356,70.28333333333333,109.51666666666668,5
13089023803,osm-way-269246999,84.5,112.41666666666669,5
13089023803,osm-way-269542129,59.333333333333336,89.33333333333333,5
13089023803,osm-way-269542737,62.983333333333334,92.98333333333332,5
13089023803,osm-way-269548092,67.06666666666666,108.61666666666666,5
13089023803,osm-way-269999028,48.81666666666667,79.73333333333333,5
13089023803,osm-way-270010150,61.35,98.03333333333332,5
13089023803,osm-way-270358285,48.06666666666667,78.06666666666666,5
13089023803,osm-way-270474813,48.15,83.15,5
13089023803,osm-way-270486467,47.78333333333333,87.78333333333333,5
13089023803,osm-way-270493876,43.266666666666666,73.43333333333334,5
13089023803,osm-way-270494085,40.7,70.86666666666666,5
13089023803,osm-way-270494114,40.6,70.93333333333334,5
13089023803,osm-way-270497388,34.85,65.73333333333333,5
13089023803,osm-way-270880929,34.45,64.61666666666666,5
13089023803,osm-way-272195210,44.666666666666664,76.66666666666667,5
13089023803,osm-way-272205524,67.38333333333334,92.0,5
13089023803,osm-way-273055240,57.21666666666667,96.73333333333332,5
13089023803,osm-way-275809609,70.38333333333334,101.01666666666668,5
13089023803,osm-way-343312205,68.06666666666666,109.53333333333332,5
13089023803,osm-way-348402902,36.38333333333333,67.33333333333333,5
13089023803,osm-way-34845384,81.1,101.1,5
13089023803,osm-way-366848935,38.38333333333333,39.36666666666667,5
13089023803,osm-way-388806051,62.9,92.9,5
13089023803,osm-way-40860251,69.5,98.5,5
13089023803,osm-way-40929757,81.95,111.95,5
13089023803,osm-way-41169860,67.15,96.15,5
13089023803,osm-way-494707290,66.55,96.55,5
13089023803,osm-way-494884355,67.03333333333333,96.03333333333332,5
13089023803,osm-way-494947781,33.9,64.23333333333333,5
13089023803,osm-way-51291333,48.86666666666667,85.08333333333333,5
13089023803,osm-way-51301407,47.016666666666666,81.53333333333333,5
13089023803,osm-way-51302619,66.2,95.2,5
13089023803,osm-way-51311379,41.833333333333336,81.83333333333333,5
13089023803,osm-way-61494982,67.45,96.45,5
13089023803,osm-way-692240855,70.73333333333333,90.73333333333332,5
13089023803,osm-way-886340463,46.55,76.55,5
13089023803,osm-way-933073925,79.36666666666666,109.36666666666666,5
13089023803,osm-way-98280771,70.55,99.55,5
13121000100,osm-node-10834410890,36.5,55.733333333333334,5
13121000100,osm-node-10834436435,46.5,56.3,5
13121000100,osm-node-11296519692,62.78333333333333,77.55,5
13121000100,osm-node-11803467005,27.266666666666666,53.18333333333333,5
13121000100,osm-node-11810428451,43.733333333333334,53.38333333333333,5
13121000100,osm-node-11874720088,64.63333333333334,78.2,5
13121000100,osm-node-12124841474,57.9,66.88333333333334,5
13121000100,osm-node-12136141359,43.78333333333333,53.78333333333333,5
13121000100,osm-node-1259091133,65.6,79.68333333333334,5
13121000100,osm-node-12619410960,45.5,58.88333333333333,5
13121000100,osm-node-12623995967,45.583333333333336,56.333333333333336,5
13121000100,osm-node-12776430676,48.266666666666666,58.56666666666667,5
13121000100,osm-node-12800526801,50.166666666666664,68.26666666666667,5
13121000100,osm-node-13019491858,45.766666666666666,53.31666666666667,5
13121000100,osm-node-13062596546,66.95,83.1,5
13121000100,osm-node-13070138146,42.7,48.6,5
13121000100,osm-node-13076662890,25.15,48.733333333333334,5
13121000100,osm-node-13132027046,58.11666666666667,70.46666666666667,5
13121000100,osm-node-13305337619,61.35,67.35,5
13121000100,osm-node-13305370788,48.45,58.516666666666666,5
13121000100,osm-node-13515490416,33.55,69.21666666666667,5
13121000100,osm-node-13599896277,64.96666666666667,70.96666666666667,5
13121000100,osm-node-14080656819,41.5,82.41666666666667,5
13121000100,osm-node-1595646778,53.583333333333336,87.58333333333333,5
13121000100,osm-node-1748936232,54.03333333333333,83.18333333333334,5
13121000100,osm-node-2277885174,41.18333333333333,44.03333333333333,5
13121000100,osm-node-358780362,38.9,49.05,5
13121000100,osm-node-358780376,38.3,57.53333333333333,5
13121000100,osm-node-367913112,68.66666666666667,78.66666666666667,5
13121000100,osm-node-367913209,84.55,84.55,5
13121000100,osm-node-367913219,53.36666666666667,73.28333333333333,5
13121000100,osm-node-367913232,73.86666666666666,103.05,5
13121000100,osm-node-367913236,69.86666666666666,84.98333333333333,5
13121000100,osm-node-367913237,77.46666666666667,79.13333333333334,5
13121000100,osm-node-367913244,85.31666666666666,85.95,5
13121000100,osm-node-367913251,43.05,83.53333333333333,5
13121000100,osm-node-367913254,70.01666666666667,84.78333333333333,5
13121000100,osm-node-367913296,8.9,36.166666666666664,5
13121000100,osm-node-367913297,25.866666666666667,48.86666666666667,5
13121000100,osm-node-367913299,37.5,71.63333333333334,5
13121000100,osm-node-367913320,85.83333333333333,85.83333333333333,5
13121000100,osm-node-4237695952,53.233333333333334,59.983333333333334,5
13121000100,osm-node-4864504354,56.93333333333333,76.93333333333334,5
13121000100,osm-node-7211662360,64.15,74.16666666666667,5
13121000100,osm-node-8113135530,49.86666666666667,61.7,5
13121000100,osm-node-871146178,56.88333333333333,67.1,5
13121000100,osm-node-8825648847,55.083333333333336,75.08333333333333,5
13121000100,osm-node-9462998941,43.36666666666667,53.483333333333334,5
13121000100,osm-relation-3612501,48.266666666666666,54.266666666666666,5
13121000100,osm-relation-3669728,81.46666666666667,81.46666666666667,5
13121000100,osm-relation-5675786,49.983333333333334,65.8,5
13121000100,osm-way-112921497,43.666666666666664,50.86666666666667,5
13121000100,osm-way-1221469441,63.95,73.96666666666667,5
13121000100,osm-way-1263059302,58.333333333333336,71.85,5
13121000100,osm-way-1311902697,46.55,54.11666666666667,5
13121000100,osm-way-173532783,44.916666666666664,71.96666666666667,5
13121000100,osm-way-208158659,8.983333333333333,36.233333333333334,5
13121000100,osm-way-219331009,41.516666666666666,71.51666666666667,5
13121000100,osm-way-231748291,25.116666666666667,49.516666666666666,5
13121000100,osm-way-234732964,42.28333333333333,46.483333333333334,5
13121000100,osm-way-234942606,48.266666666666666,54.266666666666666,5
13121000100,osm-way-252608923,48.7,56.583333333333336,5
13121000100,osm-way-268001356,50.28333333333333,89.51666666666667,5
13121000100,osm-way-269246999,84.5,84.5,5
13121000100,osm-way-269542129,54.666666666666664,65.06666666666666,5
13121000100,osm-way-269542737,62.983333333333334,79.71666666666667,5
13121000100,osm-way-269548092,70.95,88.61666666666666,5
13121000100,osm-way-269999028,48.15,57.36666666666667,5
13121000100,osm-way-270010150,61.35,79.85,5
13121000100,osm-way-270358285,45.516666666666666,58.9,5
13121000100,osm-way-270474813,53.233333333333334,73.15,5
13121000100,osm-way-270486467,57.78333333333333,77.78333333333333,5
13121000100,osm-way-270493876,44.46666666666667,64.11666666666666,5
13121000100,osm-way-270494085,42.03333333333333,61.55,5
13121000100,osm-way-270494114,46.833333333333336,67.81666666666666,5
13121000100,osm-way-270497388,51.28333333333333,64.28333333333333,5
13121000100,osm-way-270880929,46.016666666666666,64.61666666666666,5
13121000100,osm-way-272195210,69.11666666666666,71.36666666666666,5
13121000100,osm-way-272205524,88.01666666666667,88.01666666666667,5
13121000100,osm-way-273055240,78.21666666666667,78.21666666666667,5
13121000100,osm-way-275809609,85.38333333333334,86.01666666666667,5
13121000100,osm-way-343312205,79.53333333333333,95.26666666666668,5
13121000100,osm-way-348402902,53.233333333333334,59.983333333333334,5
13121000100,osm-way-34845384,61.1,81.1,5
13121000100,osm-way-366848935,79.36666666666666,119.36666666666666,5
13121000100,osm-way-388806051,62.9,75.91666666666667,5
13121000100,osm-way-40860251,37.55,52.45,5
13121000100,osm-way-40929757,40.06666666666667,69.0,5
13121000100,osm-way-41169860,42.483333333333334,49.28333333333333,5
13121000100,osm-way-494707290,81.55,81.55,5
13121000100,osm-way-494884355,41.45,49.333333333333336,5
13121000100,osm-way-494947781,48.766666666666666,64.01666666666667,5
13121000100,osm-way-51291333,54.61666666666667,68.61666666666666,5
13121000100,osm-way-51301407,54.916666666666664,67.01666666666667,5
13121000100,osm-way-51302619,40.95,48.5,5
13121000100,osm-way-51311379,79.11666666666666,96.58333333333331,5
13121000100,osm-way-61494982,42.28333333333333,49.583333333333336,5
13121000100,osm-way-692240855,26.95,53.03333333333333,5
13121000100,osm-way-886340463,45.21666666666667,57.4,5
13121000100,osm-way-933073925,57.86666666666667,72.2,5
13121000100,osm-way-98280771,40.833333333333336,53.13333333333333,5
13121000202,osm-node-10834410890,53.81666666666667,55.733333333333334,5
13121000202,osm-node-10834436435,25.933333333333337,44.06666666666667,5
13121000202,osm-node-11296519692,74.08333333333333,77.55,5
13121000202,osm-node-11803467005,17.65,36.35,5
13121000202,osm-node-11810428451,25.383333333333333,47.38333333333333,5
13121000202,osm-node-11874720088,78.2,78.2,5
13121000202,osm-node-12124841474,37.9,57.9,5
13121000202,osm-node-12136141359,25.783333333333335,43.78333333333333,5
13121000202,osm-node-1259091133,49.05,65.6,5
13121000202,osm-node-12619410960,30.883333333333333,52.88333333333333,5
13121000202,osm-node-12623995967,28.333333333333332,45.583333333333336,5
13121000202,osm-node-12776430676,30.566666666666663,52.56666666666667,5
13121000202,osm-node-12800526801,68.26666666666667,68.26666666666667,5
13121000202,osm-node-13019491858,23.316666666666663,38.333333333333336,5
13121000202,osm-node-13062596546,52.46666666666667,66.95,5
13121000202,osm-node-13070138146,18.233333333333334,33.016666666666666,5
13121000202,osm-node-13076662890,14.45,34.166666666666664,5
13121000202,osm-node-13132027046,60.46666666666667,70.46666666666667,5
13121000202,osm-node-13305337619,39.35,61.35,5
13121000202,osm-node-13305370788,30.45,48.45,5
13121000202,osm-node-13515490416,33.55,53.55,5
13121000202,osm-node-13599896277,42.96666666666667,64.96666666666667,5
13121000202,osm-node-14080656819,41.5,61.5,5
13121000202,osm-node-1595646778,53.583333333333336,87.58333333333333,5
13121000202,osm-node-1748936232,54.03333333333333,54.03333333333333,5
13121000202,osm-node-2277885174,13.55,31.5,5
13121000202,osm-node-358780362,49.05,49.05,5
13121000202,osm-node-358780376,56.35,57.53333333333333,5
13121000202,osm-node-367913112,68.66666666666667,78.66666666666667,5
13121000202,osm-node-367913209,54.55,84.55,5
13121000202,osm-node-367913219,43.28333333333333,68.28333333333333,5
13121000202,osm-node-367913232,73.86666666666666,73.86666666666666,5
13121000202,osm-node-367913236,54.983333333333334,79.86666666666666,5
13121000202,osm-node-367913237,49.96666666666667,77.46666666666667,5
13121000202,osm-node-367913244,62.3,85.95,5
13121000202,osm-node-367913251,43.05,63.05,5
13121000202,osm-node-367913254,70.88333333333334,84.78333333333333,5
13121000202,osm-node-367913296,3.033333333333333,19.516666666666666,5
13121000202,osm-node-367913297,29.4,29.4,5
13121000202,osm-node-367913299,37.5,57.5,5
13121000202,osm-node-367913320,53.833333333333336,85.83333333333333,5
13121000202,osm-node-4237695952,31.983333333333334,53.983333333333334,5
13121000202,osm-node-4864504354,46.93333333333333,66.93333333333334,5
13121000202,osm-node-7211662360,74.16666666666667,74.16666666666667,5
13121000202,osm-node-8113135530,33.7,52.61666666666667,5
13121000202,osm-node-871146178,57.1,67.1,5
13121000202,osm-node-8825648847,35.083333333333336,55.083333333333336,5
13121000202,osm-node-9462998941,23.116666666666667,33.666666666666664,5
13121000202,osm-relation-3612501,26.266666666666666,48.266666666666666,5
13121000202,osm-relation-3669728,59.06666666666667,81.46666666666667,5
13121000202,osm-relation-5675786,35.7,52.95,5
13121000202,osm-way-112921497,50.86666666666667,50.86666666666667,5
13121000202,osm-way-1221469441,73.96666666666667,73.96666666666667,5
13121000202,osm-way-1263059302,42.53333333333333,65.85,5
13121000202,osm-way-1311902697,26.116666666666667,46.55,5
13121000202,osm-way-173532783,42.483333333333334,44.916666666666664,5
13121000202,osm-way-208158659,3.1166666666666667,19.6,5
13121000202,osm-way-219331009,38.46666666666667,41.516666666666666,5
13121000202,osm-way-231748291,44.416666666666664,44.416666666666664,5
13121000202,osm-way-234732964,16.0,32.6,5
13121000202,osm-way-234942606,26.266666666666666,48.266666666666666,5
13121000202,osm-way-252608923,28.583333333333332,50.583333333333336,5
13121000202,osm-way-268001356,50.28333333333333,50.28333333333333,5
13121000202,osm-way-269246999,54.5,84.5,5
13121000202,osm-way-269542129,35.06666666666667,54.666666666666664,5
13121000202,osm-way-269542737,49.083333333333336,62.983333333333334,5
13121000202,osm-way-269548092,50.95,70.95,5
13121000202,osm-way-269999028,29.366666666666667,48.28333333333333,5
13121000202,osm-way-270010150,41.35,61.35,5
13121000202,osm-way-270358285,30.9,52.9,5
13121000202,osm-way-270474813,43.15,68.15,5
13121000202,osm-way-270486467,47.78333333333333,67.78333333333333,5
13121000202,osm-way-270493876,39.11666666666667,44.46666666666667,5
13121000202,osm-way-270494085,36.55,45.68333333333333,5
13121000202,osm-way-270494114,40.6,46.833333333333336,5
13121000202,osm-way-270497388,36.28333333333333,58.28333333333333,5
13121000202,osm-way-270880929,34.45,50.81666666666667,5
13121000202,osm-way-272195210,44.666666666666664,71.36666666666666,5
13121000202,osm-way-272205524,67.38333333333334,88.01666666666667,5
13121000202,osm-way-273055240,57.21666666666667,78.21666666666667,5
13121000202,osm-way-275809609,62.36666666666667,86.01666666666667,5
13121000202,osm-way-343312205,64.66666666666667,83.06666666666666,5
13121000202,osm-way-348402902,31.983333333333334,53.983333333333334,5
13121000202,osm-way-34845384,41.1,61.1,5
13121000202,osm-way-366848935,79.36666666666666,79.36666666666666,5
13121000202,osm-way-388806051,45.28333333333333,62.9,5
13121000202,osm-way-40860251,52.45,52.45,5
13121000202,osm-way-40929757,61.483333333333334,61.483333333333334,5
13121000202,osm-way-41169860,49.28333333333333,49.28333333333333,5
13121000202,osm-way-494707290,59.15,81.55,5
13121000202,osm-way-494884355,49.333333333333336,49.333333333333336,5
13121000202,osm-way-494947781,33.9,51.43333333333333,5
13121000202,osm-way-51291333,58.86666666666667,68.61666666666666,5
13121000202,osm-way-51301407,57.016666666666666,67.01666666666667,5
13121000202,osm-way-51302619,48.5,48.5,5
13121000202,osm-way-51311379,79.11666666666666,87.05,5
13121000202,osm-way-61494982,49.583333333333336,49.583333333333336,5
13121000202,osm-way-692240855,17.833333333333332,36.166666666666664,5
13121000202,osm-way-886340463,29.4,51.4,5
13121000202,osm-way-933073925,71.91666666666667,71.91666666666667,5
13121000202,osm-way-98280771,53.13333333333333,53.13333333333333,5
13121000501,osm-node-10834410890,55.733333333333334,55.733333333333334,5
13121000501,osm-node-10834436435,29.066666666666663,39.06666666666667,5
13121000501,osm-node-11296519692,74.08333333333333,77.55,5
13121000501,osm-node-11803467005,48.11666666666667,55.11666666666667,5
13121000501,osm-node-11810428451,25.383333333333333,35.38333333333333,5
13121000501,osm-node-11874720088,78.2,78.2,5
13121000501,osm-node-12124841474,30.866666666666667,41.63333333333333,5
13121000501,osm-node-12136141359,25.783333333333335,35.78333333333333,5
13121000501,osm-node-1259091133,35.6,48.18333333333333,5
13121000501,osm-node-12619410960,30.883333333333333,40.88333333333333,5
13121000501,osm-node-12623995967,28.333333333333332,38.333333333333336,5
13121000501,osm-node-12776430676,30.566666666666663,40.56666666666667,5
13121000501,osm-node-12800526801,49.15,68.26666666666667,5
13121000501,osm-node-13019491858,15.883333333333333,29.133333333333333,5
13121000501,osm-node-13062596546,36.95,51.233333333333334,5
13121000501,osm-node-13070138146,20.166666666666668,33.2,5
13121000501,osm-node-13076662890,45.18333333333333,52.18333333333333,5
13121000501,osm-node-13132027046,60.46666666666667,70.46666666666667,5
13121000501,osm-node-13305337619,39.35,47.38333333333333,5
13121000501,osm-node-13305370788,4.933333333333334,22.6,5
13121000501,osm-node-13515490416,44.21666666666667,53.55,5
13121000501,osm-node-13599896277,42.96666666666667,52.96666666666667,5
13121000501,osm-node-14080656819,56.05,61.5,5
13121000501,osm-node-1595646778,57.583333333333336,69.35,5
13121000501,osm-node-1748936232,54.03333333333333,59.416666666666664,5
13121000501,osm-node-2277885174,25.316666666666663,37.583333333333336,5
13121000501,osm-node-358780362,54.666666666666664,54.666666666666664,5
13121000501,osm-node-358780376,57.53333333333333,57.53333333333333,5
13121000501,osm-node-367913112,68.66666666666667,78.66666666666667,5
13121000501,osm-node-367913209,54.55,54.55,5
13121000501,osm-node-367913219,42.88333333333333,42.88333333333333,5
13121000501,osm-node-367913232,43.86666666666667,73.86666666666666,5
13121000501,osm-node-367913236,54.983333333333334,57.333333333333336,5
13121000501,osm-node-367913237,49.96666666666667,64.96666666666667,5
13121000501,osm-node-367913244,62.3,70.31666666666666,5
13121000501,osm-node-367913251,57.6,61.516666666666666,5
13121000501,osm-node-367913254,70.88333333333334,82.18333333333334,5
13121000501,osm-node-367913296,58.18333333333333,61.28333333333333,5
13121000501,osm-node-367913297,41.233333333333334,51.233333333333334,5
13121000501,osm-node-367913299,46.63333333333333,56.63333333333333,5
13121000501,osm-node-367913320,53.833333333333336,83.76666666666667,5
13121000501,osm-node-4237695952,31.983333333333334,41.983333333333334,5
13121000501,osm-node-4864504354,46.93333333333333,56.93333333333333,5
13121000501,osm-node-7211662360,56.166666666666664,74.16666666666667,5
13121000501,osm-node-8113135530,33.7,43.7,5
13121000501,osm-node-871146178,57.1,67.1,5
13121000501,osm-node-8825648847,13.966666666666669,35.083333333333336,5
13121000501,osm-node-9462998941,14.766666666666667,27.7,5
13121000501,osm-relation-3612501,26.266666666666666,36.266666666666666,5
13121000501,osm-relation-3669728,59.06666666666667,66.46666666666667,5
13121000501,osm-relation-5675786,35.7,47.8,5
13121000501,osm-way-112921497,59.38333333333333,59.38333333333333,5
13121000501,osm-way-1221469441,55.96666666666667,73.96666666666667,5
13121000501,osm-way-1263059302,42.53333333333333,53.85,5
13121000501,osm-way-1311902697,26.116666666666667,36.11666666666667,5
13121000501,osm-way-173532783,45.166666666666664,55.166666666666664,5
13121000501,osm-way-208158659,58.266666666666666,61.35,5
13121000501,osm-way-219331009,44.68333333333333,53.46666666666667,5
13121000501,osm-way-231748291,46.53333333333333,46.53333333333333,5
13121000501,osm-way-234732964,23.7,36.71666666666667,5
13121000501,osm-way-234942606,26.266666666666666,36.266666666666666,5
13121000501,osm-way-252608923,28.583333333333332,38.583333333333336,5
13121000501,osm-way-268001356,34.5,50.28333333333333,5
13121000501,osm-way-269246999,54.5,54.5,5
13121000501,osm-way-269542129,10.266666666666667,31.266666666666666,5
13121000501,osm-way-269542737,31.4,42.68333333333333,5
13121000501,osm-way-269548092,50.95,70.95,5
13121000501,osm-way-269999028,29.366666666666667,39.36666666666667,5
13121000501,osm-way-270010150,41.35,61.35,5
13121000501,osm-way-270358285,30.9,40.9,5
13121000501,osm-way-270474813,42.75,42.75,5
13121000501,osm-way-270486467,47.78333333333333,57.78333333333333,5
13121000501,osm-way-270493876,39.11666666666667,49.11666666666667,5
13121000501,osm-way-270494085,36.55,46.55,5
13121000501,osm-way-270494114,40.6,52.81666666666667,5
13121000501,osm-way-270497388,36.28333333333333,46.28333333333333,5
13121000501,osm-way-270880929,34.45,49.25,5
13121000501,osm-way-272195210,44.666666666666664,50.36666666666667,5
13121000501,osm-way-272205524,67.38333333333334,67.38333333333334,5
13121000501,osm-way-273055240,57.21666666666667,57.21666666666667,5
13121000501,osm-way-275809609,62.36666666666667,70.38333333333334,5
13121000501,osm-way-343312205,64.66666666666667,66.41666666666667,5
13121000501,osm-way-348402902,31.983333333333334,41.983333333333334,5
13121000501,osm-way-34845384,21.1,41.1,5
13121000501,osm-way-366848935,79.36666666666666,79.36666666666666,5
13121000501,osm-way-388806051,30.45,42.88333333333333,5
13121000501,osm-way-40860251,53.666666666666664,53.666666666666664,5
13121000501,osm-way-40929757,55.38333333333333,61.483333333333334,5
13121000501,osm-way-41169860,58.083333333333336,58.083333333333336,5
13121000501,osm-way-494707290,59.15,66.55,5
13121000501,osm-way-494884355,57.166666666666664,57.166666666666664,5
13121000501,osm-way-494947781,33.9,46.016666666666666,5
13121000501,osm-way-51291333,58.86666666666667,68.61666666666666,5
13121000501,osm-way-51301407,57.016666666666666,67.01666666666667,5
13121000501,osm-way-51302619,56.666666666666664,56.666666666666664,5
13121000501,osm-way-51311379,79.11666666666666,81.83333333333333,5
13121000501,osm-way-61494982,57.88333333333333,57.88333333333333,5
13121000501,osm-way-692240855,62.0,68.98333333333333,5
13121000501,osm-way-886340463,29.4,39.4,5
13121000501,osm-way-933073925,49.36666666666667,71.91666666666667,5
13121000501,osm-way-98280771,56.8,56.8,5
13121000601,osm-node-10834410890,55.733333333333334,55.733333333333334,5
13121000601,osm-node-10834436435,29.066666666666663,29.066666666666663,5
13121000601,osm-node-11296519692,62.78333333333333,74.08333333333333,5
13121000601,osm-node-11803467005,43.5,43.5,5
13121000601,osm-node-11810428451,25.383333333333333,25.383333333333333,5
13121000601,osm-node-11874720088,61.583333333333336,78.2,5
13121000601,osm-node-12124841474,17.316666666666666,21.633333333333333,5
13121000601,osm-node-12136141359,25.783333333333335,25.783333333333335,5
13121000601,osm-node-1259091133,19.05,35.6,5
13121000601,osm-node-12619410960,30.883333333333333,30.883333333333333,5
13121000601,osm-node-12623995967,28.333333333333332,28.333333333333332,5
13121000601,osm-node-12776430676,30.566666666666663,30.566666666666663,5
13121000601,osm-node-12800526801,68.26666666666667,68.26666666666667,5
13121000601,osm-node-13019491858,23.4,23.4,5
13121000601,osm-node-13062596546,22.466666666666665,36.95,5
13121000601,osm-node-13070138146,23.133333333333333,23.133333333333333,5
13121000601,osm-node-13076662890,38.36666666666667,38.36666666666667,5
13121000601,osm-node-13132027046,50.46666666666667,60.46666666666667,5
13121000601,osm-node-13305337619,27.383333333333333,39.35,5
13121000601,osm-node-13305370788,25.8,25.8,5
13121000601,osm-node-13515490416,39.21666666666667,44.21666666666667,5
13121000601,osm-node-13599896277,38.28333333333333,42.96666666666667,5
13121000601,osm-node-14080656819,56.05,56.05,5
13121000601,osm-node-1595646778,57.583333333333336,57.583333333333336,5
13121000601,osm-node-1748936232,53.18333333333333,54.03333333333333,5
13121000601,osm-node-2277885174,19.65,19.65,5
13121000601,osm-node-358780362,49.05,49.05,5
13121000601,osm-node-358780376,57.53333333333333,57.53333333333333,5
13121000601,osm-node-367913112,58.666666666666664,68.66666666666667,5
13121000601,osm-node-367913209,24.55,54.55,5
13121000601,osm-node-367913219,22.883333333333333,42.88333333333333,5
13121000601,osm-node-367913232,43.86666666666667,43.86666666666667,5
13121000601,osm-node-367913236,44.28333333333333,54.983333333333334,5
13121000601,osm-node-367913237,49.96666666666667,49.96666666666667,5
13121000601,osm-node-367913244,62.3,62.3,5
13121000601,osm-node-367913251,57.6,57.6,5
13121000601,osm-node-367913254,70.01666666666667,70.88333333333334,5
13121000601,osm-node-367913296,29.283333333333335,29.283333333333335,5
13121000601,osm-node-367913297,51.233333333333334,51.233333333333334,5
13121000601,osm-node-367913299,41.63333333333333,46.63333333333333,5
13121000601,osm-node-367913320,53.833333333333336,53.833333333333336,5
13121000601,osm-node-4237695952,31.983333333333334,31.983333333333334,5
13121000601,osm-node-4864504354,36.93333333333333,46.93333333333333,5
13121000601,osm-node-7211662360,74.16666666666667,74.16666666666667,5
13121000601,osm-node-8113135530,33.7,33.7,5
13121000601,osm-node-871146178,47.1,57.1,5
13121000601,osm-node-8825648847,35.083333333333336,35.083333333333336,5
13121000601,osm-node-9462998941,25.683333333333337,25.683333333333337,5
13121000601,osm-relation-3612501,26.266666666666666,26.266666666666666,5
13121000601,osm-relation-3669728,59.06666666666667,59.06666666666667,5
13121000601,osm-relation-5675786,35.7,35.7,5
13121000601,osm-way-112921497,50.86666666666667,50.86666666666667,5
13121000601,osm-way-1221469441,73.96666666666667,73.96666666666667,5
13121000601,osm-way-1263059302,38.78333333333333,42.53333333333333,5
13121000601,osm-way-1311902697,26.116666666666667,26.116666666666667,5
13121000601,osm-way-173532783,41.96666666666667,44.916666666666664,5
13121000601,osm-way-208158659,29.35,29.35,5
13121000601,osm-way-219331009,41.516666666666666,41.516666666666666,5
13121000601,osm-way-231748291,46.53333333333333,46.53333333333333,5
13121000601,osm-way-234732964,21.933333333333337,21.933333333333337,5
13121000601,osm-way-234942606,26.266666666666666,26.266666666666666,5
13121000601,osm-way-252608923,28.583333333333332,28.583333333333332,5
13121000601,osm-way-268001356,50.28333333333333,50.28333333333333,5
13121000601,osm-way-269246999,24.5,54.5,5
13121000601,osm-way-269542129,20.0,21.233333333333334,5
13121000601,osm-way-269542737,19.083333333333332,32.983333333333334,5
13121000601,osm-way-269548092,50.95,50.95,5
13121000601,osm-way-269999028,29.366666666666667,29.366666666666667,5
13121000601,osm-way-270010150,41.35,41.35,5
13121000601,osm-way-270358285,30.9,30.9,5
13121000601,osm-way-270474813,22.75,42.75,5
13121000601,osm-way-270486467,37.78333333333333,47.78333333333333,5
13121000601,osm-way-270493876,34.11666666666667,39.11666666666667,5
13121000601,osm-way-270494085,31.55,36.55,5
13121000601,osm-way-270494114,37.81666666666667,40.6,5
13121000601,osm-way-270497388,33.28333333333333,36.28333333333333,5
13121000601,osm-way-270880929,34.45,34.45,5
13121000601,osm-way-272195210,44.666666666666664,44.666666666666664,5
13121000601,osm-way-272205524,47.38333333333333,67.38333333333334,5
13121000601,osm-way-273055240,57.21666666666667,57.21666666666667,5
13121000601,osm-way-275809609,62.36666666666667,62.36666666666667,5
13121000601,osm-way-343312205,36.416666666666664,64.66666666666667,5
13121000601,osm-way-348402902,31.983333333333334,31.983333333333334,5
13121000601,osm-way-34845384,41.1,41.1,5
13121000601,osm-way-366848935,79.36666666666666,79.36666666666666,5
13121000601,osm-way-388806051,15.283333333333331,32.9,5
13121000601,osm-way-40860251,52.45,52.45,5
13121000601,osm-way-40929757,61.483333333333334,61.483333333333334,5
13121000601,osm-way-41169860,49.28333333333333,49.28333333333333,5
13121000601,osm-way-494707290,59.15,59.15,5
13121000601,osm-way-494884355,49.333333333333336,49.333333333333336,5
13121000601,osm-way-494947781,33.9,33.9,5
13121000601,osm-way-51291333,48.86666666666667,58.86666666666667,5
13121000601,osm-way-51301407,47.016666666666666,57.016666666666666,5
13121000601,osm-way-51302619,48.5,48.5,5
13121000601,osm-way-51311379,69.11666666666666,79.11666666666666,5
13121000601,osm-way-61494982,49.583333333333336,49.583333333333336,5
13121000601,osm-way-692240855,45.93333333333333,45.93333333333333,5
13121000601,osm-way-886340463,29.4,29.4,5
13121000601,osm-way-933073925,71.91666666666667,71.91666666666667,5
13121000601,osm-way-98280771,53.13333333333333,53.13333333333333,5
13121001001,osm-node-10834410890,39.333333333333336,55.733333333333334,5
13121001001,osm-node-10834436435,11.733333333333333,29.066666666666663,5
13121001001,osm-node-11296519692,47.78333333333333,74.08333333333333,5
13121001001,osm-node-11803467005,28.116666666666667,43.5,5
13121001001,osm-node-11810428451,10.383333333333333,25.383333333333333,5
13121001001,osm-node-11874720088,48.833333333333336,78.2,5
13121001001,osm-node-12124841474,17.9,28.45,5
13121001001,osm-node-12136141359,10.2,25.783333333333335,5
13121001001,osm-node-1259091133,35.6,35.6,5
13121001001,osm-node-12619410960,15.55,30.883333333333333,5
13121001001,osm-node-12623995967,12.75,28.333333333333332,5
13121001001,osm-node-12776430676,15.566666666666666,30.566666666666663,5
13121001001,osm-node-12800526801,49.15,58.53333333333333,5
13121001001,osm-node-13019491858,13.083333333333334,20.066666666666663,5
13121001001,osm-node-13062596546,36.95,36.95,5
13121001001,osm-node-13070138146,12.516666666666667,23.133333333333333,5
13121001001,osm-node-13076662890,25.183333333333337,38.36666666666667,5
13121001001,osm-node-13132027046,40.46666666666667,60.46666666666667,5
13121001001,osm-node-13305337619,24.35,39.35,5
13121001001,osm-node-13305370788,15.45,20.45,5
13121001001,osm-node-13515490416,29.216666666666665,44.21666666666667,5
13121001001,osm-node-13599896277,27.966666666666665,42.96666666666667,5
13121001001,osm-node-14080656819,41.5,56.05,5
13121001001,osm-node-1595646778,53.583333333333336,57.583333333333336,5
13121001001,osm-node-1748936232,43.18333333333333,54.03333333333333,5
13121001001,osm-node-2277885174,12.883333333333333,19.65,5
13121001001,osm-node-358780362,38.9,49.05,5
13121001001,osm-node-358780376,41.13333333333333,57.53333333333333,5
13121001001,osm-node-367913112,48.666666666666664,68.66666666666667,5
13121001001,osm-node-367913209,54.55,54.55,5
13121001001,osm-node-367913219,28.283333333333335,42.88333333333333,5
13121001001,osm-node-367913232,43.86666666666667,43.86666666666667,5
13121001001,osm-node-367913236,39.86666666666667,54.983333333333334,5
13121001001,osm-node-367913237,34.96666666666667,49.96666666666667,5
13121001001,osm-node-367913244,55.95,62.3,5
13121001001,osm-node-367913251,43.05,57.6,5
13121001001,osm-node-367913254,55.016666666666666,70.88333333333334,5
13121001001,osm-node-367913296,29.283333333333335,29.283333333333335,5
13121001001,osm-node-367913297,36.21666666666667,46.21666666666667,5
13121001001,osm-node-367913299,31.633333333333333,46.63333333333333,5
13121001001,osm-node-367913320,53.766666666666666,53.833333333333336,5
13121001001,osm-node-4237695952,16.983333333333334,31.983333333333334,5
13121001001,osm-node-4864504354,26.933333333333337,46.93333333333333,5
13121001001,osm-node-7211662360,56.166666666666664,74.16666666666667,5
13121001001,osm-node-8113135530,18.7,33.7,5
13121001001,osm-node-871146178,37.1,57.1,5
13121001001,osm-node-8825648847,31.166666666666668,35.083333333333336,5
13121001001,osm-node-9462998941,14.1,22.066666666666663,5
13121001001,osm-relation-3612501,10.666666666666666,26.266666666666666,5
13121001001,osm-relation-3669728,45.88333333333333,59.06666666666667,5
13121001001,osm-relation-5675786,20.7,35.7,5
13121001001,osm-way-112921497,43.666666666666664,50.86666666666667,5
13121001001,osm-way-1221469441,55.96666666666667,73.96666666666667,5
13121001001,osm-way-1263059302,28.85,42.53333333333333,5
13121001001,osm-way-1311902697,10.533333333333331,26.116666666666667,5
13121001001,osm-way-173532783,30.166666666666668,44.916666666666664,5
13121001001,osm-way-208158659,29.35,29.35,5
13121001001,osm-way-219331009,29.683333333333337,41.516666666666666,5
13121001001,osm-way-231748291,29.083333333333332,46.53333333333333,5
13121001001,osm-way-234732964,14.0,21.933333333333337,5
13121001001,osm-way-234942606,7.916666666666667,26.266666666666666,5
13121001001,osm-way-252608923,13.583333333333334,28.583333333333332,5
13121001001,osm-way-268001356,29.966666666666665,49.516666666666666,5
13121001001,osm-way-269246999,54.5,54.5,5
13121001001,osm-way-269542129,14.9,24.633333333333333,5
13121001001,osm-way-269542737,32.983333333333334,32.983333333333334,5
13121001001,osm-way-269548092,30.95,50.95,5
13121001001,osm-way-269999028,13.7,29.366666666666667,5
13121001001,osm-way-270010150,21.35,41.35,5
13121001001,osm-way-270358285,15.583333333333334,30.9,5
13121001001,osm-way-270474813,28.15,42.75,5
13121001001,osm-way-270486467,27.783333333333335,47.78333333333333,5
13121001001,osm-way-270493876,24.116666666666667,39.11666666666667,5
13121001001,osm-way-270494085,21.55,36.55,5
13121001001,osm-way-270494114,25.6,40.6,5
13121001001,osm-way-270497388,21.283333333333335,36.28333333333333,5
13121001001,osm-way-270880929,19.35,34.45,5
13121001001,osm-way-272195210,30.366666666666667,44.666666666666664,5
13121001001,osm-way-272205524,47.38333333333333,67.38333333333334,5
13121001001,osm-way-273055240,37.21666666666667,57.21666666666667,5
13121001001,osm-way-275809609,56.016666666666666,62.36666666666667,5
13121001001,osm-way-343312205,50.53333333333333,64.66666666666667,5
13121001001,osm-way-348402902,16.983333333333334,31.983333333333334,5
13121001001,osm-way-34845384,39.983333333333334,41.1,5
13121001001,osm-way-366848935,79.36666666666666,79.36666666666666,5
13121001001,osm-way-388806051,32.9,32.9,5
13121001001,osm-way-40860251,37.55,52.45,5
13121001001,osm-way-40929757,44.03333333333333,55.38333333333333,5
13121001001,osm-way-41169860,42.483333333333334,49.28333333333333,5
13121001001,osm-way-494707290,45.96666666666667,59.15,5
13121001001,osm-way-494884355,41.45,49.333333333333336,5
13121001001,osm-way-494947781,18.9,33.9,5
13121001001,osm-way-51291333,38.86666666666667,58.86666666666667,5
13121001001,osm-way-51301407,37.016666666666666,57.016666666666666,5
13121001001,osm-way-51302619,40.95,48.5,5
13121001001,osm-way-51311379,59.11666666666667,79.11666666666666,5
13121001001,osm-way-61494982,42.28333333333333,49.583333333333336,5
13121001001,osm-way-692240855,42.0,45.93333333333333,5
13121001001,osm-way-886340463,14.4,29.4,5
13121001001,osm-way-933073925,49.36666666666667,56.916666666666664,5
13121001001,osm-way-98280771,40.833333333333336,53.13333333333333,5
13121001002,osm-node-10834410890,55.733333333333334,55.733333333333334,5
13121001002,osm-node-10834436435,16.85,29.066666666666663,5
13121001002,osm-node-11296519692,57.55,74.08333333333333,5
13121001002,osm-node-11803467005,28.116666666666667,43.5,5
13121001002,osm-node-11810428451,19.216666666666665,25.383333333333333,5
13121001002,osm-node-11874720088,61.583333333333336,78.2,5
13121001002,osm-node-12124841474,14.766666666666667,22.383333333333333,5
13121001002,osm-node-12136141359,14.583333333333334,25.783333333333335,5
13121001002,osm-node-1259091133,35.6,35.6,5
13121001002,osm-node-12619410960,13.4,30.883333333333333,5
13121001002,osm-node-12623995967,16.866666666666667,28.333333333333332,5
13121001002,osm-node-12776430676,25.566666666666663,30.566666666666663,5
13121001002,osm-node-12800526801,58.53333333333333,68.26666666666667,5
13121001002,osm-node-13019491858,21.8,24.933333333333337,5
13121001002,osm-node-13062596546,36.95,36.95,5
13121001002,osm-node-13070138146,23.133333333333333,23.25,5
13121001002,osm-node-13076662890,25.183333333333337,38.36666666666667,5
13121001002,osm-node-13132027046,50.46666666666667,60.46666666666667,5
13121001002,osm-node-13305337619,27.383333333333333,39.35,5
13121001002,osm-node-13305370788,25.45,30.45,5
13121001002,osm-node-13515490416,33.55,44.21666666666667,5
13121001002,osm-node-13599896277,37.96666666666667,42.96666666666667,5
13121001002,osm-node-14080656819,41.5,56.05,5
13121001002,osm-node-1595646778,53.583333333333336,57.583333333333336,5
13121001002,osm-node-1748936232,46.63333333333333,54.03333333333333,5
13121001002,osm-node-2277885174,19.65,23.716666666666665,5
13121001002,osm-node-358780362,49.05,54.666666666666664,5
13121001002,osm-node-358780376,57.53333333333333,57.53333333333333,5
13121001002,osm-node-367913112,58.666666666666664,68.66666666666667,5
13121001002,osm-node-367913209,24.55,54.55,5
13121001002,osm-node-367913219,22.883333333333333,42.88333333333333,5
13121001002,osm-node-367913232,43.86666666666667,43.86666666666667,5
13121001002,osm-node-367913236,44.28333333333333,54.983333333333334,5
13121001002,osm-node-367913237,49.333333333333336,49.96666666666667,5
13121001002,osm-node-367913244,55.95,62.3,5
13121001002,osm-node-367913251,43.05,57.6,5
13121001002,osm-node-367913254,70.01666666666667,70.88333333333334,5
13121001002,osm-node-367913296,29.283333333333335,39.96666666666667,5
13121001002,osm-node-367913297,46.21666666666667,51.233333333333334,5
13121001002,osm-node-367913299,37.5,46.63333333333333,5
13121001002,osm-node-367913320,53.833333333333336,53.833333333333336,5
13121001002,osm-node-4237695952,26.983333333333334,31.983333333333334,5
13121001002,osm-node-4864504354,36.93333333333333,46.93333333333333,5
13121001002,osm-node-7211662360,74.16666666666667,74.16666666666667,5
13121001002,osm-node-8113135530,28.7,33.7,5
13121001002,osm-node-871146178,47.1,57.1,5
13121001002,osm-node-8825648847,35.083333333333336,47.78333333333333,5
13121001002,osm-node-9462998941,25.683333333333337,28.733333333333334,5
13121001002,osm-relation-3612501,14.583333333333334,26.266666666666666,5
13121001002,osm-relation-3669728,51.46666666666667,59.06666666666667,5
13121001002,osm-relation-5675786,32.8,35.7,5
13121001002,osm-way-112921497,50.86666666666667,59.38333333333333,5
13121001002,osm-way-1221469441,73.96666666666667,73.96666666666667,5
13121001002,osm-way-1263059302,38.78333333333333,42.53333333333333,5
13121001002,osm-way-1311902697,14.65,26.116666666666667,5
13121001002,osm-way-173532783,37.45,44.916666666666664,5
13121001002,osm-way-208158659,29.35,40.03333333333333,5
13121001002,osm-way-219331009,33.46666666666667,41.516666666666666,5
13121001002,osm-way-231748291,46.53333333333333,46.53333333333333,5
13121001002,osm-way-234732964,21.933333333333337,24.816666666666663,5
13121001002,osm-way-234942606,11.466666666666669,26.266666666666666,5
13121001002,osm-way-252608923,23.583333333333332,28.583333333333332,5
13121001002,osm-way-268001356,49.516666666666666,50.28333333333333,5
13121001002,osm-way-269246999,24.5,54.5,5
13121001002,osm-way-269542129,21.233333333333334,30.333333333333332,5
13121001002,osm-way-269542737,28.15,32.983333333333334,5
13121001002,osm-way-269548092,30.95,50.95,5
13121001002,osm-way-269999028,17.816666666666666,29.366666666666667,5
13121001002,osm-way-270010150,21.35,41.35,5
13121001002,osm-way-270358285,13.433333333333334,30.9,5
13121001002,osm-way-270474813,22.75,42.75,5
13121001002,osm-way-270486467,37.78333333333333,47.78333333333333,5
13121001002,osm-way-270493876,34.11666666666667,39.11666666666667,5
13121001002,osm-way-270494085,31.55,36.55,5
13121001002,osm-way-270494114,37.81666666666667,40.6,5
13121001002,osm-way-270497388,31.283333333333335,36.28333333333333,5
13121001002,osm-way-270880929,34.45,34.45,5
13121001002,osm-way-272195210,44.666666666666664,44.666666666666664,5
13121001002,osm-way-272205524,47.38333333333333,67.38333333333334,5
13121001002,osm-way-273055240,57.21666666666667,57.21666666666667,5
13121001002,osm-way-275809609,56.016666666666666,62.36666666666667,5
13121001002,osm-way-343312205,36.416666666666664,64.66666666666667,5
13121001002,osm-way-348402902,26.983333333333334,31.983333333333334,5
13121001002,osm-way-34845384,41.1,59.583333333333336,5
13121001002,osm-way-366848935,79.36666666666666,79.36666666666666,5
13121001002,osm-way-388806051,29.55,32.9,5
13121001002,osm-way-40860251,52.45,53.666666666666664,5
13121001002,osm-way-40929757,55.38333333333333,61.483333333333334,5
13121001002,osm-way-41169860,49.28333333333333,58.083333333333336,5
13121001002,osm-way-494707290,51.55,59.15,5
13121001002,osm-way-494884355,49.333333333333336,57.166666666666664,5
13121001002,osm-way-494947781,31.016666666666666,33.9,5
13121001002,osm-way-51291333,48.86666666666667,58.86666666666667,5
13121001002,osm-way-51301407,47.016666666666666,57.016666666666666,5
13121001002,osm-way-51302619,48.5,56.666666666666664,5
13121001002,osm-way-51311379,60.15,79.11666666666666,5
13121001002,osm-way-61494982,49.583333333333336,57.88333333333333,5
13121001002,osm-way-692240855,42.0,45.93333333333333,5
13121001002,osm-way-886340463,13.533333333333331,29.4,5
13121001002,osm-way-933073925,56.916666666666664,71.91666666666667,5
13121001002,osm-way-98280771,53.13333333333333,56.8,5
13121001101,osm-node-10834410890,55.733333333333334,55.733333333333334,5
13121001101,osm-node-10834436435,18.316666666666663,22.483333333333334,5
13121001101,osm-node-11296519692,57.55,74.08333333333333,5
13121001101,osm-node-11803467005,35.11666666666667,43.5,5
13121001101,osm-node-11810428451,20.383333333333333,25.383333333333333,5
13121001101,osm-node-11874720088,61.583333333333336,78.2,5
13121001101,osm-node-12124841474,32.483333333333334,37.9,5
13121001101,osm-node-12136141359,20.783333333333335,25.516666666666666,5
13121001101,osm-node-1259091133,35.6,49.05,5
13121001101,osm-node-12619410960,25.5,30.883333333333333,5
13121001101,osm-node-12623995967,23.2,27.383333333333333,5
13121001101,osm-node-12776430676,25.566666666666663,30.566666666666663,5
13121001101,osm-node-12800526801,49.15,58.53333333333333,5
13121001101,osm-node-13019491858,13.4,16.366666666666667,5
13121001101,osm-node-13062596546,36.95,52.46666666666667,5
13121001101,osm-node-13070138146,10.616666666666667,14.8,5
13121001101,osm-node-13076662890,32.18333333333333,38.36666666666667,5
13121001101,osm-node-13132027046,50.46666666666667,60.46666666666667,5
13121001101,osm-node-13305337619,34.35,39.35,5
13121001101,osm-node-13305370788,15.25,18.216666666666665,5
13121001101,osm-node-13515490416,39.21666666666667,44.21666666666667,5
13121001101,osm-node-13599896277,37.96666666666667,42.96666666666667,5
13121001101,osm-node-14080656819,47.71666666666667,56.05,5
13121001101,osm-node-1595646778,57.583333333333336,57.583333333333336,5
13121001101,osm-node-1748936232,46.63333333333333,54.03333333333333,5
13121001101,osm-node-2277885174,7.6,11.633333333333333,5
13121001101,osm-node-358780362,49.05,49.05,5
13121001101,osm-node-358780376,57.53333333333333,57.53333333333333,5
13121001101,osm-node-367913112,58.666666666666664,68.66666666666667,5
13121001101,osm-node-367913209,54.55,54.55,5
13121001101,osm-node-367913219,33.36666666666667,42.88333333333333,5
13121001101,osm-node-367913232,43.86666666666667,73.86666666666666,5
13121001101,osm-node-367913236,44.28333333333333,54.983333333333334,5
13121001101,osm-node-367913237,49.333333333333336,49.96666666666667,5
13121001101,osm-node-367913244,55.95,62.3,5
13121001101,osm-node-367913251,47.4,57.6,5
13121001101,osm-node-367913254,70.01666666666667,70.88333333333334,5
13121001101,osm-node-367913296,29.283333333333335,29.283333333333335,5
13121001101,osm-node-367913297,41.233333333333334,43.93333333333333,5
13121001101,osm-node-367913299,41.63333333333333,46.63333333333333,5
13121001101,osm-node-367913320,53.833333333333336,53.833333333333336,5
13121001101,osm-node-4237695952,26.983333333333334,31.983333333333334,5
13121001101,osm-node-4864504354,36.93333333333333,46.93333333333333,5
13121001101,osm-node-7211662360,56.166666666666664,74.16666666666667,5
13121001101,osm-node-8113135530,28.7,33.7,5
13121001101,osm-node-871146178,47.1,57.1,5
13121001101,osm-node-8825648847,31.333333333333332,34.3,5
13121001101,osm-node-9462998941,10.416666666666666,13.383333333333333,5
13121001101,osm-relation-3612501,21.266666666666666,26.266666666666666,5
13121001101,osm-relation-3669728,51.46666666666667,59.06666666666667,5
13121001101,osm-relation-5675786,32.8,35.7,5
13121001101,osm-way-112921497,50.86666666666667,50.86666666666667,5
13121001101,osm-way-1221469441,55.96666666666667,73.96666666666667,5
13121001101,osm-way-1263059302,38.85,42.53333333333333,5
13121001101,osm-way-1311902697,21.116666666666667,26.116666666666667,5
13121001101,osm-way-173532783,40.166666666666664,44.916666666666664,5
13121001101,osm-way-208158659,29.35,29.35,5
13121001101,osm-way-219331009,39.68333333333333,41.516666666666666,5
13121001101,osm-way-231748291,46.53333333333333,46.53333333333333,5
13121001101,osm-way-234732964,8.716666666666667,12.883333333333333,5
13121001101,osm-way-234942606,21.266666666666666,26.266666666666666,5
13121001101,osm-way-252608923,23.583333333333332,28.583333333333332,5
13121001101,osm-way-268001356,49.516666666666666,49.516666666666666,5
13121001101,osm-way-269246999,54.5,54.5,5
13121001101,osm-way-269542129,22.283333333333335,24.95,5
13121001101,osm-way-269542737,32.983333333333334,45.71666666666667,5
13121001101,osm-way-269548092,50.95,50.95,5
13121001101,osm-way-269999028,24.366666666666667,29.366666666666667,5
13121001101,osm-way-270010150,41.35,41.35,5
13121001101,osm-way-270358285,25.516666666666666,30.9,5
13121001101,osm-way-270474813,33.233333333333334,42.75,5
13121001101,osm-way-270486467,37.78333333333333,47.78333333333333,5
13121001101,osm-way-270493876,34.11666666666667,39.11666666666667,5
13121001101,osm-way-270494085,31.55,36.55,5
13121001101,osm-way-270494114,37.81666666666667,40.6,5
13121001101,osm-way-270497388,31.283333333333335,36.28333333333333,5
13121001101,osm-way-270880929,34.45,34.45,5
13121001101,osm-way-272195210,44.666666666666664,44.666666666666664,5
13121001101,osm-way-272205524,47.38333333333333,67.38333333333334,5
13121001101,osm-way-273055240,57.21666666666667,57.21666666666667,5
13121001101,osm-way-275809609,56.016666666666666,62.36666666666667,5
13121001101,osm-way-343312205,64.66666666666667,64.66666666666667,5
13121001101,osm-way-348402902,26.983333333333334,31.983333333333334,5
13121001101,osm-way-34845384,40.25,41.1,5
13121001101,osm-way-366848935,79.36666666666666,79.36666666666666,5
13121001101,osm-way-388806051,32.9,45.28333333333333,5
13121001101,osm-way-40860251,52.45,52.45,5
13121001101,osm-way-40929757,55.38333333333333,55.38333333333333,5
13121001101,osm-way-41169860,49.28333333333333,49.28333333333333,5
13121001101,osm-way-494707290,51.55,59.15,5
13121001101,osm-way-494884355,49.333333333333336,49.333333333333336,5
13121001101,osm-way-494947781,31.016666666666666,33.9,5
13121001101,osm-way-51291333,48.86666666666667,58.86666666666667,5
13121001101,osm-way-51301407,47.016666666666666,57.016666666666666,5
13121001101,osm-way-51302619,48.5,48.5,5
13121001101,osm-way-51311379,60.15,79.11666666666666,5
13121001101,osm-way-61494982,49.583333333333336,49.583333333333336,5
13121001101,osm-way-692240855,45.93333333333333,45.93333333333333,5
13121001101,osm-way-886340463,24.4,29.4,5
13121001101,osm-way-933073925,49.36666666666667,56.916666666666664,5
13121001101,osm-way-98280771,53.13333333333333,53.13333333333333,5
13121001102,osm-node-10834410890,39.333333333333336,55.733333333333334,5
13121001102,osm-node-10834436435,15.116666666666667,18.4,5
13121001102,osm-node-11296519692,57.55,57.55,5
13121001102,osm-node-11803467005,35.11666666666667,35.11666666666667,5
13121001102,osm-node-11810428451,15.383333333333333,20.383333333333333,5
13121001102,osm-node-11874720088,61.583333333333336,61.583333333333336,5
13121001102,osm-node-12124841474,28.45,32.483333333333334,5
13121001102,osm-node-12136141359,15.783333333333331,19.983333333333334,5
13121001102,osm-node-1259091133,35.6,35.6,5
13121001102,osm-node-12619410960,20.883333333333333,25.5,5
13121001102,osm-node-12623995967,18.333333333333332,21.833333333333332,5
13121001102,osm-node-12776430676,20.566666666666663,25.566666666666663,5
13121001102,osm-node-12800526801,49.15,49.15,5
13121001102,osm-node-13019491858,11.15,16.15,5
13121001102,osm-node-13062596546,36.95,36.95,5
13121001102,osm-node-13070138146,7.65,10.6,5
13121001102,osm-node-13076662890,32.18333333333333,32.18333333333333,5
13121001102,osm-node-13132027046,50.46666666666667,50.46666666666667,5
13121001102,osm-node-13305337619,29.35,34.35,5
13121001102,osm-node-13305370788,15.45,20.45,5
13121001102,osm-node-13515490416,33.55,39.21666666666667,5
13121001102,osm-node-13599896277,32.96666666666667,37.96666666666667,5
13121001102,osm-node-14080656819,41.5,47.71666666666667,5
13121001102,osm-node-1595646778,53.583333333333336,57.583333333333336,5
13121001102,osm-node-1748936232,46.63333333333333,46.63333333333333,5
13121001102,osm-node-2277885174,2.5833333333333335,7.683333333333334,5
13121001102,osm-node-358780362,38.9,49.05,5
13121001102,osm-node-358780376,41.13333333333333,57.53333333333333,5
13121001102,osm-node-367913112,58.666666666666664,58.666666666666664,5
13121001102,osm-node-367913209,54.55,54.55,5
13121001102,osm-node-367913219,33.28333333333333,33.36666666666667,5
13121001102,osm-node-367913232,43.86666666666667,43.86666666666667,5
13121001102,osm-node-367913236,44.28333333333333,44.28333333333333,5
13121001102,osm-node-367913237,34.96666666666667,49.333333333333336,5
13121001102,osm-node-367913244,55.95,55.95,5
13121001102,osm-node-367913251,43.05,47.4,5
13121001102,osm-node-367913254,70.01666666666667,70.01666666666667,5
13121001102,osm-node-367913296,29.283333333333335,29.283333333333335,5
13121001102,osm-node-367913297,36.21666666666667,41.233333333333334,5
13121001102,osm-node-367913299,36.63333333333333,41.63333333333333,5
13121001102,osm-node-367913320,53.766666666666666,53.833333333333336,5
13121001102,osm-node-4237695952,21.983333333333334,26.983333333333334,5
13121001102,osm-node-4864504354,36.93333333333333,36.93333333333333,5
13121001102,osm-node-7211662360,56.166666666666664,56.166666666666664,5
13121001102,osm-node-8113135530,23.7,28.7,5
13121001102,osm-node-871146178,47.1,47.1,5
13121001102,osm-node-8825648847,32.78333333333333,35.083333333333336,5
13121001102,osm-node-9462998941,12.533333333333331,14.133333333333333,5
13121001102,osm-relation-3612501,16.266666666666666,21.266666666666666,5
13121001102,osm-relation-3669728,50.88333333333333,51.46666666666667,5
13121001102,osm-relation-5675786,27.8,32.8,5
13121001102,osm-way-112921497,43.666666666666664,50.86666666666667,5
13121001102,osm-way-1221469441,55.96666666666667,55.96666666666667,5
13121001102,osm-way-1263059302,33.85,38.85,5
13121001102,osm-way-1311902697,16.116666666666667,21.116666666666667,5
13121001102,osm-way-173532783,35.166666666666664,40.166666666666664,5
13121001102,osm-way-208158659,29.35,29.35,5
13121001102,osm-way-219331009,33.46666666666667,39.68333333333333,5
13121001102,osm-way-231748291,29.083333333333332,46.53333333333333,5
13121001102,osm-way-234732964,5.033333333333333,8.8,5
13121001102,osm-way-234942606,16.266666666666666,21.266666666666666,5
13121001102,osm-way-252608923,18.583333333333332,23.583333333333332,5
13121001102,osm-way-268001356,29.966666666666665,49.516666666666666,5
13121001102,osm-way-269246999,54.5,54.5,5
13121001102,osm-way-269542129,22.583333333333332,27.8,5
13121001102,osm-way-269542737,32.983333333333334,32.983333333333334,5
13121001102,osm-way-269548092,50.95,50.95,5
13121001102,osm-way-269999028,19.366666666666667,24.366666666666667,5
13121001102,osm-way-270010150,41.35,41.35,5
13121001102,osm-way-270358285,20.9,25.516666666666666,5
13121001102,osm-way-270474813,33.15,33.233333333333334,5
13121001102,osm-way-270486467,37.78333333333333,37.78333333333333,5
13121001102,osm-way-270493876,29.116666666666667,34.11666666666667,5
13121001102,osm-way-270494085,26.55,31.55,5
13121001102,osm-way-270494114,32.81666666666667,37.81666666666667,5
13121001102,osm-way-270497388,26.283333333333335,31.283333333333335,5
13121001102,osm-way-270880929,30.8,34.45,5
13121001102,osm-way-272195210,30.366666666666667,44.666666666666664,5
13121001102,osm-way-272205524,47.38333333333333,47.38333333333333,5
13121001102,osm-way-273055240,37.21666666666667,57.21666666666667,5
13121001102,osm-way-275809609,56.016666666666666,56.016666666666666,5
13121001102,osm-way-343312205,64.66666666666667,64.66666666666667,5
13121001102,osm-way-348402902,21.983333333333334,26.983333333333334,5
13121001102,osm-way-34845384,41.1,41.1,5
13121001102,osm-way-366848935,79.36666666666666,79.36666666666666,5
13121001102,osm-way-388806051,32.9,32.9,5
13121001102,osm-way-40860251,37.55,52.45,5
13121001102,osm-way-40929757,44.03333333333333,55.38333333333333,5
13121001102,osm-way-41169860,42.483333333333334,49.28333333333333,5
13121001102,osm-way-494707290,50.96666666666667,51.55,5
13121001102,osm-way-494884355,41.45,49.333333333333336,5
13121001102,osm-way-494947781,26.016666666666666,31.016666666666666,5
13121001102,osm-way-51291333,48.86666666666667,48.86666666666667,5
13121001102,osm-way-51301407,47.016666666666666,47.016666666666666,5
13121001102,osm-way-51302619,40.95,48.5,5
13121001102,osm-way-51311379,60.15,60.15,5
13121001102,osm-way-61494982,42.28333333333333,49.583333333333336,5
13121001102,osm-way-692240855,45.93333333333333,45.93333333333333,5
13121001102,osm-way-886340463,19.4,24.4,5
13121001102,osm-way-933073925,49.36666666666667,49.36666666666667,5
13121001102,osm-way-98280771,40.833333333333336,53.13333333333333,5
13121001206,osm-node-10834410890,39.333333333333336,39.333333333333336,5
13121001206,osm-node-10834436435,13.633333333333333,17.533333333333335,5
13121001206,osm-node-11296519692,47.78333333333333,57.55,5
13121001206,osm-node-11803467005,28.116666666666667,35.11666666666667,5
13121001206,osm-node-11810428451,10.383333333333333,15.383333333333333,5
13121001206,osm-node-11874720088,48.833333333333336,61.583333333333336,5
13121001206,osm-node-12124841474,27.733333333333334,28.45,5
13121001206,osm-node-12136141359,10.783333333333331,15.783333333333331,5
13121001206,osm-node-1259091133,35.6,35.6,5
13121001206,osm-node-12619410960,15.883333333333333,20.883333333333333,5
13121001206,osm-node-12623995967,13.333333333333334,18.333333333333332,5
13121001206,osm-node-12776430676,15.566666666666666,20.566666666666663,5
13121001206,osm-node-12800526801,43.53333333333333,49.15,5
13121001206,osm-node-13019491858,9.9,14.316666666666666,5
13121001206,osm-node-13062596546,36.95,36.95,5
13121001206,osm-node-13070138146,8.233333333333333,11.65,5
13121001206,osm-node-13076662890,25.183333333333337,32.18333333333333,5
13121001206,osm-node-13132027046,40.46666666666667,50.46666666666667,5
13121001206,osm-node-13305337619,24.35,29.35,5
13121001206,osm-node-13305370788,10.45,15.45,5
13121001206,osm-node-13515490416,29.216666666666665,33.55,5
13121001206,osm-node-13599896277,27.966666666666665,32.96666666666667,5
13121001206,osm-node-14080656819,41.5,41.5,5
13121001206,osm-node-1595646778,53.583333333333336,53.583333333333336,5
13121001206,osm-node-1748936232,43.18333333333333,46.63333333333333,5
13121001206,osm-node-2277885174,7.016666666666667,9.883333333333333,5
13121001206,osm-node-358780362,38.9,38.9,5
13121001206,osm-node-358780376,41.13333333333333,41.13333333333333,5
13121001206,osm-node-367913112,48.666666666666664,58.666666666666664,5
13121001206,osm-node-367913209,54.55,54.55,5
13121001206,osm-node-367913219,28.283333333333335,33.28333333333333,5
13121001206,osm-node-367913232,43.86666666666667,43.86666666666667,5
13121001206,osm-node-367913236,39.86666666666667,44.28333333333333,5
13121001206,osm-node-367913237,34.96666666666667,34.96666666666667,5
13121001206,osm-node-367913244,55.95,55.95,5
13121001206,osm-node-367913251,43.05,43.05,5
13121001206,osm-node-367913254,55.016666666666666,70.01666666666667,5
13121001206,osm-node-367913296,29.283333333333335,29.283333333333335,5
13121001206,osm-node-367913297,24.483333333333334,36.21666666666667,5
13121001206,osm-node-367913299,31.633333333333333,36.63333333333333,5
13121001206,osm-node-367913320,53.766666666666666,53.766666666666666,5
13121001206,osm-node-4237695952,16.983333333333334,21.983333333333334,5
13121001206,osm-node-4864504354,26.933333333333337,36.93333333333333,5
13121001206,osm-node-7211662360,56.166666666666664,56.166666666666664,5
13121001206,osm-node-8113135530,18.7,23.7,5
13121001206,osm-node-871146178,37.1,47.1,5
13121001206,osm-node-8825648847,27.783333333333335,32.78333333333333,5
13121001206,osm-node-9462998941,12.066666666666666,16.966666666666665,5
13121001206,osm-relation-3612501,11.266666666666667,16.266666666666666,5
13121001206,osm-relation-3669728,45.88333333333333,50.88333333333333,5
13121001206,osm-relation-5675786,20.7,27.8,5
13121001206,osm-way-112921497,43.666666666666664,43.666666666666664,5
13121001206,osm-way-1221469441,55.96666666666667,55.96666666666667,5
13121001206,osm-way-1263059302,28.85,33.85,5
13121001206,osm-way-1311902697,11.116666666666667,16.116666666666667,5
13121001206,osm-way-173532783,30.166666666666668,35.166666666666664,5
13121001206,osm-way-208158659,29.35,29.35,5
13121001206,osm-way-219331009,29.683333333333337,33.46666666666667,5
13121001206,osm-way-231748291,29.083333333333332,29.083333333333332,5
13121001206,osm-way-234732964,8.133333333333333,10.983333333333333,5
13121001206,osm-way-234942606,11.266666666666667,16.266666666666666,5
13121001206,osm-way-252608923,13.583333333333334,18.583333333333332,5
13121001206,osm-way-268001356,29.966666666666665,29.966666666666665,5
13121001206,osm-way-269246999,54.5,54.5,5
13121001206,osm-way-269542129,19.333333333333332,24.333333333333332,5
13121001206,osm-way-269542737,32.983333333333334,32.983333333333334,5
13121001206,osm-way-269548092,50.95,50.95,5
13121001206,osm-way-269999028,14.366666666666667,19.366666666666667,5
13121001206,osm-way-270010150,37.03333333333333,41.35,5
13121001206,osm-way-270358285,15.9,20.9,5
13121001206,osm-way-270474813,28.15,33.15,5
13121001206,osm-way-270486467,27.783333333333335,37.78333333333333,5
13121001206,osm-way-270493876,24.116666666666667,29.116666666666667,5
13121001206,osm-way-270494085,21.55,26.55,5
13121001206,osm-way-270494114,25.6,32.81666666666667,5
13121001206,osm-way-270497388,21.283333333333335,26.283333333333335,5
13121001206,osm-way-270880929,19.35,30.8,5
13121001206,osm-way-272195210,30.366666666666667,30.366666666666667,5
13121001206,osm-way-272205524,47.38333333333333,47.38333333333333,5
13121001206,osm-way-273055240,37.21666666666667,37.21666666666667,5
13121001206,osm-way-275809609,56.016666666666666,56.016666666666666,5
13121001206,osm-way-343312205,50.53333333333333,64.66666666666667,5
13121001206,osm-way-348402902,16.983333333333334,21.983333333333334,5
13121001206,osm-way-34845384,41.1,41.1,5
13121001206,osm-way-366848935,79.36666666666666,79.36666666666666,5
13121001206,osm-way-388806051,32.9,32.9,5
13121001206,osm-way-40860251,37.55,37.55,5
13121001206,osm-way-40929757,40.38333333333333,44.03333333333333,5
13121001206,osm-way-41169860,42.483333333333334,42.483333333333334,5
13121001206,osm-way-494707290,45.96666666666667,50.96666666666667,5
13121001206,osm-way-494884355,41.45,41.45,5
13121001206,osm-way-494947781,18.9,26.016666666666666,5
13121001206,osm-way-51291333,38.86666666666667,48.86666666666667,5
13121001206,osm-way-51301407,37.016666666666666,47.016666666666666,5
13121001206,osm-way-51302619,40.95,40.95,5
13121001206,osm-way-51311379,59.11666666666667,60.15,5
13121001206,osm-way-61494982,42.28333333333333,42.28333333333333,5
13121001206,osm-way-692240855,42.0,45.93333333333333,5
13121001206,osm-way-886340463,14.4,19.4,5
13121001206,osm-way-933073925,41.916666666666664,49.36666666666667,5
13121001206,osm-way-98280771,40.833333333333336,40.833333333333336,5
13121001702,osm-node-10834410890,55.733333333333334,76.03333333333333,5
13121001702,osm-node-10834436435,26.5,44.46666666666667,5
13121001702,osm-node-11296519692,47.78333333333333,77.55,5
13121001702,osm-node-11803467005,22.683333333333337,34.1,5
13121001702,osm-node-11810428451,23.733333333333334,38.11666666666667,5
13121001702,osm-node-11874720088,48.833333333333336,78.2,5
13121001702,osm-node-12124841474,37.9,57.9,5
13121001702,osm-node-12136141359,23.783333333333335,42.21666666666667,5
13121001702,osm-node-1259091133,65.6,65.6,5
13121001702,osm-node-12619410960,25.5,44.81666666666667,5
13121001702,osm-node-12623995967,22.883333333333333,39.81666666666667,5
13121001702,osm-node-12776430676,28.266666666666666,38.266666666666666,5
13121001702,osm-node-12800526801,68.26666666666667,79.15,5
13121001702,osm-node-13019491858,39.93333333333333,49.93333333333333,5
13121001702,osm-node-13062596546,66.95,66.95,5
13121001702,osm-node-13070138146,37.75,48.25,5
13121001702,osm-node-13076662890,16.883333333333333,32.46666666666667,5
13121001702,osm-node-13132027046,40.46666666666667,60.46666666666667,5
13121001702,osm-node-13305337619,44.35,54.7,5
13121001702,osm-node-13305370788,40.45,50.45,5
13121001702,osm-node-13515490416,13.55,33.55,5
13121001702,osm-node-13599896277,47.96666666666667,58.96666666666667,5
13121001702,osm-node-14080656819,21.5,41.5,5
13121001702,osm-node-1595646778,53.583333333333336,53.583333333333336,5
13121001702,osm-node-1748936232,24.033333333333335,47.4,5
13121001702,osm-node-2277885174,32.31666666666667,48.71666666666667,5
13121001702,osm-node-358780362,49.05,75.28333333333333,5
13121001702,osm-node-358780376,57.53333333333333,77.83333333333333,5
13121001702,osm-node-367913112,48.666666666666664,68.66666666666667,5
13121001702,osm-node-367913209,72.93333333333334,84.55,5
13121001702,osm-node-367913219,33.36666666666667,48.28333333333333,5
13121001702,osm-node-367913232,73.86666666666666,73.86666666666666,5
13121001702,osm-node-367913236,49.86666666666667,54.983333333333334,5
13121001702,osm-node-367913237,49.96666666666667,64.96666666666667,5
13121001702,osm-node-367913244,62.3,70.31666666666666,5
13121001702,osm-node-367913251,23.05,43.05,5
13121001702,osm-node-367913254,52.18333333333333,82.18333333333334,5
13121001702,osm-node-367913296,29.283333333333335,42.05,5
13121001702,osm-node-367913297,29.4,59.4,5
13121001702,osm-node-367913299,19.05,37.5,5
13121001702,osm-node-367913320,53.833333333333336,83.76666666666667,5
13121001702,osm-node-4237695952,34.75,44.31666666666667,5
13121001702,osm-node-4864504354,36.93333333333333,46.93333333333333,5
13121001702,osm-node-7211662360,69.0,74.16666666666667,5
13121001702,osm-node-8113135530,22.616666666666667,37.2,5
13121001702,osm-node-871146178,37.1,57.1,5
13121001702,osm-node-8825648847,55.083333333333336,67.78333333333333,5
13121001702,osm-node-9462998941,39.333333333333336,52.06666666666667,5
13121001702,osm-relation-3612501,26.683333333333337,43.61666666666667,5
13121001702,osm-relation-3669728,65.88333333333334,76.88333333333334,5
13121001702,osm-relation-5675786,22.95,38.7,5
13121001702,osm-way-112921497,50.86666666666667,80.01666666666667,5
13121001702,osm-way-1221469441,68.81666666666666,73.96666666666667,5
13121001702,osm-way-1263059302,41.016666666666666,42.53333333333333,5
13121001702,osm-way-1311902697,24.533333333333335,41.46666666666667,5
13121001702,osm-way-173532783,14.916666666666666,25.183333333333337,5
13121001702,osm-way-208158659,29.35,42.11666666666667,5
13121001702,osm-way-219331009,11.516666666666667,21.2,5
13121001702,osm-way-231748291,44.416666666666664,67.0,5
13121001702,osm-way-234732964,34.766666666666666,49.81666666666667,5
13121001702,osm-way-234942606,28.45,45.93333333333333,5
13121001702,osm-way-252608923,28.7,38.7,5
13121001702,osm-way-268001356,50.28333333333333,70.28333333333333,5
13121001702,osm-way-269246999,72.88333333333334,84.5,5
13121001702,osm-way-269542129,49.333333333333336,59.333333333333336,5
13121001702,osm-way-269542737,62.983333333333334,62.983333333333334,5
13121001702,osm-way-269548092,50.95,67.06666666666666,5
13121001702,osm-way-269999028,22.466666666666665,39.333333333333336,5
13121001702,osm-way-270010150,41.35,61.35,5
13121001702,osm-way-270358285,25.516666666666666,44.833333333333336,5
13121001702,osm-way-270474813,33.233333333333334,48.15,5
13121001702,osm-way-270486467,37.78333333333333,47.78333333333333,5
13121001702,osm-way-270493876,14.466666666666669,32.35,5
13121001702,osm-way-270494085,15.683333333333334,33.55,5
13121001702,osm-way-270494114,16.833333333333332,32.833333333333336,5
13121001702,osm-way-270497388,31.283333333333335,41.28333333333333,5
13121001702,osm-way-270880929,20.816666666666663,38.5,5
13121001702,osm-way-272195210,44.666666666666664,50.36666666666667,5
13121001702,osm-way-272205524,67.38333333333334,67.38333333333334,5
13121001702,osm-way-273055240,52.233333333333334,57.21666666666667,5
13121001702,osm-way-275809609,62.36666666666667,70.38333333333334,5
13121001702,osm-way-343312205,64.66666666666667,68.06666666666666,5
13121001702,osm-way-348402902,34.75,44.31666666666667,5
13121001702,osm-way-34845384,61.1,81.1,5
13121001702,osm-way-366848935,39.36666666666667,79.36666666666666,5
13121001702,osm-way-388806051,62.9,62.9,5
13121001702,osm-way-40860251,52.45,74.1,5
13121001702,osm-way-40929757,61.483333333333334,81.95,5
13121001702,osm-way-41169860,49.28333333333333,78.78333333333333,5
13121001702,osm-way-494707290,65.96666666666667,76.96666666666667,5
13121001702,osm-way-494884355,49.333333333333336,77.8,5
13121001702,osm-way-494947781,21.433333333333337,36.9,5
13121001702,osm-way-51291333,38.86666666666667,58.86666666666667,5
13121001702,osm-way-51301407,37.016666666666666,57.016666666666666,5
13121001702,osm-way-51302619,48.5,77.3,5
13121001702,osm-way-51311379,52.88333333333333,79.11666666666666,5
13121001702,osm-way-61494982,49.583333333333336,78.58333333333333,5
13121001702,osm-way-692240855,28.983333333333334,43.6,5
13121001702,osm-way-886340463,25.216666666666665,43.31666666666667,5
13121001702,osm-way-933073925,71.91666666666667,79.36666666666666,5
13121001702,osm-way-98280771,53.13333333333333,77.3,5
13121002801,osm-node-10834410890,55.733333333333334,55.733333333333334,5
13121002801,osm-node-10834436435,23.75,26.5,5
13121002801,osm-node-11296519692,47.78333333333333,57.55,5
13121002801,osm-node-11803467005,28.116666666666667,35.11666666666667,5
13121002801,osm-node-11810428451,15.916666666666666,22.55,5
13121002801,osm-node-11874720088,48.833333333333336,61.583333333333336,5
13121002801,osm-node-12124841474,37.9,37.9,5
13121002801,osm-node-12136141359,21.133333333333333,23.783333333333335,5
13121002801,osm-node-1259091133,49.05,49.05,5
13121002801,osm-node-12619410960,23.05,25.5,5
13121002801,osm-node-12623995967,19.766666666666666,25.266666666666666,5
13121002801,osm-node-12776430676,14.833333333333334,25.533333333333335,5
13121002801,osm-node-12800526801,58.53333333333333,68.26666666666667,5
13121002801,osm-node-13019491858,24.933333333333337,34.93333333333333,5
13121002801,osm-node-13062596546,52.46666666666667,52.46666666666667,5
13121002801,osm-node-13070138146,23.25,33.25,5
13121002801,osm-node-13076662890,25.183333333333337,32.18333333333333,5
13121002801,osm-node-13132027046,40.46666666666667,50.46666666666667,5
13121002801,osm-node-13305337619,29.35,39.35,5
13121002801,osm-node-13305370788,25.45,35.45,5
13121002801,osm-node-13515490416,29.216666666666665,33.55,5
13121002801,osm-node-13599896277,32.96666666666667,42.96666666666667,5
13121002801,osm-node-14080656819,41.5,41.5,5
13121002801,osm-node-1595646778,53.583333333333336,53.583333333333336,5
13121002801,osm-node-1748936232,24.033333333333335,40.71666666666667,5
13121002801,osm-node-2277885174,23.716666666666665,33.71666666666667,5
13121002801,osm-node-358780362,49.05,54.666666666666664,5
13121002801,osm-node-358780376,57.53333333333333,57.53333333333333,5
13121002801,osm-node-367913112,48.666666666666664,58.666666666666664,5
13121002801,osm-node-367913209,54.55,54.55,5
13121002801,osm-node-367913219,33.28333333333333,33.36666666666667,5
13121002801,osm-node-367913232,73.86666666666666,73.86666666666666,5
13121002801,osm-node-367913236,44.28333333333333,54.983333333333334,5
13121002801,osm-node-367913237,34.96666666666667,49.96666666666667,5
13121002801,osm-node-367913244,55.95,62.3,5
13121002801,osm-node-367913251,43.05,43.05,5
13121002801,osm-node-367913254,55.016666666666666,70.01666666666667,5
13121002801,osm-node-367913296,29.283333333333335,46.96666666666667,5
13121002801,osm-node-367913297,29.4,54.483333333333334,5
13121002801,osm-node-367913299,31.633333333333333,39.05,5
13121002801,osm-node-367913320,53.766666666666666,53.833333333333336,5
13121002801,osm-node-4237695952,21.983333333333334,31.983333333333334,5
13121002801,osm-node-4864504354,36.93333333333333,46.93333333333333,5
13121002801,osm-node-7211662360,69.0,74.16666666666667,5
13121002801,osm-node-8113135530,5.666666666666667,19.45,5
13121002801,osm-node-871146178,37.1,47.1,5
13121002801,osm-node-8825648847,35.083333333333336,52.78333333333333,5
13121002801,osm-node-9462998941,27.066666666666663,37.06666666666667,5
13121002801,osm-relation-3612501,21.583333333333332,26.583333333333332,5
13121002801,osm-relation-3669728,50.88333333333333,59.06666666666667,5
13121002801,osm-relation-5675786,8.85,22.633333333333333,5
13121002801,osm-way-112921497,50.86666666666667,59.38333333333333,5
13121002801,osm-way-1221469441,68.81666666666666,73.96666666666667,5
13121002801,osm-way-1263059302,32.71666666666667,42.53333333333333,5
13121002801,osm-way-1311902697,20.9,26.483333333333334,5
13121002801,osm-way-173532783,9.45,18.633333333333333,5
13121002801,osm-way-208158659,29.35,47.03333333333333,5
13121002801,osm-way-219331009,6.616666666666666,15.5,5
13121002801,osm-way-231748291,44.416666666666664,46.53333333333333,5
13121002801,osm-way-234732964,24.816666666666663,34.81666666666667,5
13121002801,osm-way-234942606,20.933333333333337,28.45,5
13121002801,osm-way-252608923,11.783333333333331,24.616666666666667,5
13121002801,osm-way-268001356,49.516666666666666,50.28333333333333,5
13121002801,osm-way-269246999,54.5,54.5,5
13121002801,osm-way-269542129,34.333333333333336,44.333333333333336,5
13121002801,osm-way-269542737,49.083333333333336,49.083333333333336,5
13121002801,osm-way-269548092,50.95,50.95,5
13121002801,osm-way-269999028,18.633333333333333,24.783333333333335,5
13121002801,osm-way-270010150,41.35,41.35,5
13121002801,osm-way-270358285,23.066666666666663,25.516666666666666,5
13121002801,osm-way-270474813,33.15,33.233333333333334,5
13121002801,osm-way-270486467,37.78333333333333,47.78333333333333,5
13121002801,osm-way-270493876,13.283333333333331,22.483333333333334,5
13121002801,osm-way-270494085,15.516666666666667,24.75,5
13121002801,osm-way-270494114,10.433333333333334,22.016666666666666,5
13121002801,osm-way-270497388,24.6,36.2,5
13121002801,osm-way-270880929,13.35,27.15,5
13121002801,osm-way-272195210,30.366666666666667,44.666666666666664,5
13121002801,osm-way-272205524,47.38333333333333,67.38333333333334,5
13121002801,osm-way-273055240,37.21666666666667,57.21666666666667,5
13121002801,osm-way-275809609,56.016666666666666,62.36666666666667,5
13121002801,osm-way-343312205,64.66666666666667,64.66666666666667,5
13121002801,osm-way-348402902,21.983333333333334,31.983333333333334,5
13121002801,osm-way-34845384,41.1,61.1,5
13121002801,osm-way-366848935,61.61666666666667,79.36666666666666,5
13121002801,osm-way-388806051,45.28333333333333,45.28333333333333,5
13121002801,osm-way-40860251,52.45,53.666666666666664,5
13121002801,osm-way-40929757,55.38333333333333,61.483333333333334,5
13121002801,osm-way-41169860,49.28333333333333,58.083333333333336,5
13121002801,osm-way-494707290,50.96666666666667,59.15,5
13121002801,osm-way-494884355,49.333333333333336,57.166666666666664,5
13121002801,osm-way-494947781,5.616666666666666,19.416666666666668,5
13121002801,osm-way-51291333,38.86666666666667,48.86666666666667,5
13121002801,osm-way-51301407,37.016666666666666,47.016666666666666,5
13121002801,osm-way-51302619,48.5,56.666666666666664,5
13121002801,osm-way-51311379,59.11666666666667,60.15,5
13121002801,osm-way-61494982,49.583333333333336,57.88333333333333,5
13121002801,osm-way-692240855,42.0,48.983333333333334,5
13121002801,osm-way-886340463,21.55,25.216666666666665,5
13121002801,osm-way-933073925,56.916666666666664,71.91666666666667,5
13121002801,osm-way-98280771,53.13333333333333,56.8,5
13121003000,osm-node-10834410890,55.733333333333334,62.56666666666667,5
13121003000,osm-node-10834436435,33.75,43.75,5
13121003000,osm-node-11296519692,47.78333333333333,47.78333333333333,5
13121003000,osm-node-11803467005,24.1,42.68333333333333,5
13121003000,osm-node-11810428451,23.733333333333334,37.55,5
13121003000,osm-node-11874720088,48.833333333333336,48.833333333333336,5
13121003000,osm-node-12124841474,44.1,57.9,5
13121003000,osm-node-12136141359,30.65,41.13333333333333,5
13121003000,osm-node-1259091133,49.05,65.6,5
13121003000,osm-node-12619410960,25.5,43.05,5
13121003000,osm-node-12623995967,30.833333333333332,41.4,5
13121003000,osm-node-12776430676,23.266666666666666,33.266666666666666,5
13121003000,osm-node-12800526801,62.46666666666667,79.15,5
13121003000,osm-node-13019491858,34.93333333333333,44.93333333333333,5
13121003000,osm-node-13062596546,52.46666666666667,66.95,5
13121003000,osm-node-13070138146,33.25,43.25,5
13121003000,osm-node-13076662890,22.466666666666665,36.88333333333333,5
13121003000,osm-node-13132027046,30.466666666666665,40.46666666666667,5
13121003000,osm-node-13305337619,39.35,47.38333333333333,5
13121003000,osm-node-13305370788,35.45,45.45,5
13121003000,osm-node-13515490416,8.483333333333333,24.216666666666665,5
13121003000,osm-node-13599896277,42.96666666666667,52.96666666666667,5
13121003000,osm-node-14080656819,21.5,31.833333333333332,5
13121003000,osm-node-1595646778,53.583333333333336,53.583333333333336,5
13121003000,osm-node-1748936232,24.033333333333335,42.766666666666666,5
13121003000,osm-node-2277885174,33.71666666666667,43.71666666666667,5
13121003000,osm-node-358780362,54.6,54.6,5
13121003000,osm-node-358780376,57.53333333333333,64.36666666666666,5
13121003000,osm-node-367913112,38.666666666666664,48.666666666666664,5
13121003000,osm-node-367913209,54.55,72.93333333333334,5
13121003000,osm-node-367913219,33.28333333333333,43.28333333333333,5
13121003000,osm-node-367913232,73.86666666666666,73.86666666666666,5
13121003000,osm-node-367913236,49.86666666666667,54.983333333333334,5
13121003000,osm-node-367913237,49.96666666666667,64.96666666666667,5
13121003000,osm-node-367913244,56.31666666666667,70.31666666666666,5
13121003000,osm-node-367913251,23.05,31.516666666666666,5
13121003000,osm-node-367913254,52.18333333333333,52.18333333333333,5
13121003000,osm-node-367913296,31.9,49.93333333333333,5
13121003000,osm-node-367913297,54.483333333333334,59.4,5
13121003000,osm-node-367913299,10.2,28.416666666666668,5
13121003000,osm-node-367913320,53.833333333333336,53.833333333333336,5
13121003000,osm-node-4237695952,24.316666666666663,38.4,5
13121003000,osm-node-4864504354,36.93333333333333,46.93333333333333,5
13121003000,osm-node-7211662360,44.166666666666664,69.0,5
13121003000,osm-node-8113135530,22.65,31.933333333333337,5
13121003000,osm-node-871146178,27.1,37.1,5
13121003000,osm-node-8825648847,52.78333333333333,55.083333333333336,5
13121003000,osm-node-9462998941,37.06666666666667,47.06666666666667,5
13121003000,osm-relation-3612501,31.016666666666666,41.583333333333336,5
13121003000,osm-relation-3669728,59.06666666666667,66.46666666666667,5
13121003000,osm-relation-5675786,22.7,29.983333333333334,5
13121003000,osm-way-112921497,55.95,55.95,5
13121003000,osm-way-1221469441,43.96666666666667,68.81666666666666,5
13121003000,osm-way-1263059302,36.016666666666666,42.53333333333333,5
13121003000,osm-way-1311902697,29.016666666666666,41.483333333333334,5
13121003000,osm-way-173532783,16.033333333333335,29.333333333333332,5
13121003000,osm-way-208158659,31.966666666666665,50.0,5
13121003000,osm-way-219331009,18.15,28.233333333333334,5
13121003000,osm-way-231748291,46.53333333333333,67.0,5
13121003000,osm-way-234732964,34.81666666666667,44.81666666666667,5
13121003000,osm-way-234942606,30.933333333333337,40.93333333333333,5
13121003000,osm-way-252608923,23.7,33.7,5
13121003000,osm-way-268001356,50.28333333333333,69.51666666666667,5
13121003000,osm-way-269246999,54.5,72.88333333333334,5
13121003000,osm-way-269542129,44.333333333333336,54.333333333333336,5
13121003000,osm-way-269542737,49.083333333333336,62.983333333333334,5
13121003000,osm-way-269548092,50.95,67.06666666666666,5
13121003000,osm-way-269999028,28.15,40.9,5
13121003000,osm-way-270010150,41.35,61.35,5
13121003000,osm-way-270358285,25.516666666666666,43.06666666666667,5
13121003000,osm-way-270474813,33.15,43.15,5
13121003000,osm-way-270486467,37.78333333333333,47.78333333333333,5
13121003000,osm-way-270493876,10.65,24.6,5
13121003000,osm-way-270494085,11.866666666666667,22.033333333333335,5
13121003000,osm-way-270494114,16.883333333333333,27.4,5
13121003000,osm-way-270497388,26.283333333333335,36.28333333333333,5
13121003000,osm-way-270880929,18.1,26.016666666666666,5
13121003000,osm-way-272195210,30.366666666666667,44.666666666666664,5
13121003000,osm-way-272205524,67.38333333333334,67.38333333333334,5
13121003000,osm-way-273055240,37.21666666666667,57.21666666666667,5
13121003000,osm-way-275809609,56.38333333333333,70.38333333333334,5
13121003000,osm-way-343312205,64.66666666666667,64.66666666666667,5
13121003000,osm-way-348402902,24.316666666666663,38.4,5
13121003000,osm-way-34845384,61.1,61.1,5
13121003000,osm-way-366848935,39.36666666666667,79.36666666666666,5
13121003000,osm-way-388806051,45.28333333333333,62.9,5
13121003000,osm-way-40860251,53.666666666666664,57.5,5
13121003000,osm-way-40929757,61.483333333333334,81.95,5
13121003000,osm-way-41169860,55.15,55.15,5
13121003000,osm-way-494707290,59.15,66.55,5
13121003000,osm-way-494884355,55.03333333333333,55.03333333333333,5
13121003000,osm-way-494947781,20.916666666666668,31.216666666666665,5
13121003000,osm-way-51291333,28.866666666666667,38.86666666666667,5
13121003000,osm-way-51301407,27.016666666666666,37.016666666666666,5
13121003000,osm-way-51302619,54.2,54.2,5
13121003000,osm-way-51311379,49.11666666666667,52.88333333333333,5
13121003000,osm-way-61494982,55.45,55.45,5
13121003000,osm-way-692240855,30.733333333333334,48.983333333333334,5
13121003000,osm-way-886340463,25.216666666666665,41.55,5
13121003000,osm-way-933073925,62.46666666666667,79.36666666666666,5
13121003000,osm-way-98280771,56.8,58.55,5
13121003800,osm-node-10834410890,55.733333333333334,55.733333333333334,5
13121003800,osm-node-10834436435,28.75,33.75,5
13121003800,osm-node-11296519692,47.78333333333333,47.78333333333333,5
13121003800,osm-node-11803467005,43.31666666666667,43.31666666666667,5
13121003800,osm-node-11810428451,22.55,27.55,5
13121003800,osm-node-11874720088,48.833333333333336,48.833333333333336,5
13121003800,osm-node-12124841474,37.9,42.4,5
13121003800,osm-node-12136141359,26.133333333333333,31.133333333333333,5
13121003800,osm-node-1259091133,49.05,49.05,5
13121003800,osm-node-12619410960,28.05,33.05,5
13121003800,osm-node-12623995967,28.7,33.7,5
13121003800,osm-node-12776430676,17.75,22.783333333333335,5
13121003800,osm-node-12800526801,68.26666666666667,68.26666666666667,5
13121003800,osm-node-13019491858,29.933333333333337,34.93333333333333,5
13121003800,osm-node-13062596546,52.46666666666667,52.46666666666667,5
13121003800,osm-node-13070138146,28.25,33.25,5
13121003800,osm-node-13076662890,41.61666666666667,41.61666666666667,5
13121003800,osm-node-13132027046,40.46666666666667,40.46666666666667,5
13121003800,osm-node-13305337619,15.683333333333334,20.566666666666663,5
13121003800,osm-node-13305370788,30.45,35.45,5
13121003800,osm-node-13515490416,29.216666666666665,29.216666666666665,5
13121003800,osm-node-13599896277,32.85,37.96666666666667,5
13121003800,osm-node-14080656819,41.5,41.5,5
13121003800,osm-node-1595646778,53.583333333333336,53.583333333333336,5
13121003800,osm-node-1748936232,43.18333333333333,43.18333333333333,5
13121003800,osm-node-2277885174,28.716666666666665,33.71666666666667,5
13121003800,osm-node-358780362,54.6,54.6,5
13121003800,osm-node-358780376,57.53333333333333,57.53333333333333,5
13121003800,osm-node-367913112,48.666666666666664,48.666666666666664,5
13121003800,osm-node-367913209,54.55,54.55,5
13121003800,osm-node-367913219,20.716666666666665,30.333333333333332,5
13121003800,osm-node-367913232,73.86666666666666,73.86666666666666,5
13121003800,osm-node-367913236,27.333333333333332,27.333333333333332,5
13121003800,osm-node-367913237,34.96666666666667,34.96666666666667,5
13121003800,osm-node-367913244,55.95,55.95,5
13121003800,osm-node-367913251,43.05,43.05,5
13121003800,osm-node-367913254,55.016666666666666,55.016666666666666,5
13121003800,osm-node-367913296,54.166666666666664,54.166666666666664,5
13121003800,osm-node-367913297,51.233333333333334,54.483333333333334,5
13121003800,osm-node-367913299,31.633333333333333,31.633333333333333,5
13121003800,osm-node-367913320,53.766666666666666,53.766666666666666,5
13121003800,osm-node-4237695952,19.283333333333335,26.983333333333334,5
13121003800,osm-node-4864504354,26.933333333333337,30.9,5
13121003800,osm-node-7211662360,69.0,69.0,5
13121003800,osm-node-8113135530,20.683333333333337,27.9,5
13121003800,osm-node-871146178,37.1,37.1,5
13121003800,osm-node-8825648847,47.78333333333333,52.78333333333333,5
13121003800,osm-node-9462998941,32.06666666666667,37.06666666666667,5
13121003800,osm-relation-3612501,26.583333333333332,31.583333333333332,5
13121003800,osm-relation-3669728,50.88333333333333,51.46666666666667,5
13121003800,osm-relation-5675786,20.7,25.933333333333337,5
13121003800,osm-way-112921497,55.95,55.95,5
13121003800,osm-way-1221469441,68.81666666666666,68.81666666666666,5
13121003800,osm-way-1263059302,8.666666666666666,23.383333333333333,5
13121003800,osm-way-1311902697,26.483333333333334,31.483333333333334,5
13121003800,osm-way-173532783,30.366666666666667,31.966666666666665,5
13121003800,osm-way-208158659,54.233333333333334,54.233333333333334,5
13121003800,osm-way-219331009,36.2,38.0,5
13121003800,osm-way-231748291,46.53333333333333,46.53333333333333,5
13121003800,osm-way-234732964,29.816666666666663,34.81666666666667,5
13121003800,osm-way-234942606,25.933333333333337,30.933333333333337,5
13121003800,osm-way-252608923,15.65,23.216666666666665,5
13121003800,osm-way-268001356,50.28333333333333,50.28333333333333,5
13121003800,osm-way-269246999,54.5,54.5,5
13121003800,osm-way-269542129,39.333333333333336,41.233333333333334,5
13121003800,osm-way-269542737,49.083333333333336,49.083333333333336,5
13121003800,osm-way-269548092,50.95,50.95,5
13121003800,osm-way-269999028,28.816666666666663,34.733333333333334,5
13121003800,osm-way-270010150,37.03333333333333,37.03333333333333,5
13121003800,osm-way-270358285,28.066666666666663,33.06666666666667,5
13121003800,osm-way-270474813,20.583333333333332,30.2,5
13121003800,osm-way-270486467,27.783333333333335,31.75,5
13121003800,osm-way-270493876,24.116666666666667,24.116666666666667,5
13121003800,osm-way-270494085,21.55,21.55,5
13121003800,osm-way-270494114,25.6,27.816666666666663,5
13121003800,osm-way-270497388,11.75,22.366666666666667,5
13121003800,osm-way-270880929,19.35,25.8,5
13121003800,osm-way-272195210,30.366666666666667,44.666666666666664,5
13121003800,osm-way-272205524,47.38333333333333,47.38333333333333,5
13121003800,osm-way-273055240,37.21666666666667,57.21666666666667,5
13121003800,osm-way-275809609,56.016666666666666,56.016666666666666,5
13121003800,osm-way-343312205,50.53333333333333,50.53333333333333,5
13121003800,osm-way-348402902,19.283333333333335,26.983333333333334,5
13121003800,osm-way-34845384,61.1,61.1,5
13121003800,osm-way-366848935,79.36666666666666,79.36666666666666,5
13121003800,osm-way-388806051,45.28333333333333,45.28333333333333,5
13121003800,osm-way-40860251,53.666666666666664,53.666666666666664,5
13121003800,osm-way-40929757,61.483333333333334,61.483333333333334,5
13121003800,osm-way-41169860,55.15,55.15,5
13121003800,osm-way-494707290,50.96666666666667,51.55,5
13121003800,osm-way-494884355,55.03333333333333,55.03333333333333,5
13121003800,osm-way-494947781,18.9,27.433333333333337,5
13121003800,osm-way-51291333,38.86666666666667,38.86666666666667,5
13121003800,osm-way-51301407,37.016666666666666,37.016666666666666,5
13121003800,osm-way-51302619,54.2,54.2,5
13121003800,osm-way-51311379,59.11666666666667,59.11666666666667,5
13121003800,osm-way-61494982,55.45,55.45,5
13121003800,osm-way-692240855,56.25,56.25,5
13121003800,osm-way-886340463,26.55,31.55,5
13121003800,osm-way-933073925,71.91666666666667,71.91666666666667,5
13121003800,osm-way-98280771,56.8,56.8,5
13121005000,osm-node-10834410890,55.733333333333334,76.03333333333333,5
13121005000,osm-node-10834436435,33.75,53.75,5
13121005000,osm-node-11296519692,25.55,50.36666666666667,5
13121005000,osm-node-11803467005,43.31666666666667,55.11666666666667,5
13121005000,osm-node-11810428451,27.55,47.55,5
13121005000,osm-node-11874720088,48.833333333333336,78.2,5
13121005000,osm-node-12124841474,46.18333333333333,66.88333333333334,5
13121005000,osm-node-12136141359,30.65,50.65,5
13121005000,osm-node-1259091133,49.05,79.68333333333334,5
13121005000,osm-node-12619410960,33.05,53.05,5
13121005000,osm-node-12623995967,31.516666666666666,51.516666666666666,5
13121005000,osm-node-12776430676,23.266666666666666,40.516666666666666,5
13121005000,osm-node-12800526801,68.26666666666667,88.53333333333333,5
13121005000,osm-node-13019491858,34.93333333333333,54.93333333333333,5
13121005000,osm-node-13062596546,52.46666666666667,83.1,5
13121005000,osm-node-13070138146,33.25,53.25,5
13121005000,osm-node-13076662890,41.61666666666667,52.18333333333333,5
13121005000,osm-node-13132027046,40.46666666666667,60.46666666666667,5
13121005000,osm-node-13305337619,39.35,54.7,5
13121005000,osm-node-13305370788,35.45,55.45,5
13121005000,osm-node-13515490416,24.216666666666665,40.166666666666664,5
13121005000,osm-node-13599896277,42.96666666666667,58.96666666666667,5
13121005000,osm-node-14080656819,15.716666666666669,31.833333333333332,5
13121005000,osm-node-1595646778,53.583333333333336,53.583333333333336,5
13121005000,osm-node-1748936232,8.45,22.783333333333335,5
13121005000,osm-node-2277885174,33.71666666666667,53.71666666666667,5
13121005000,osm-node-358780362,54.6,75.28333333333333,5
13121005000,osm-node-358780376,57.53333333333333,77.83333333333333,5
13121005000,osm-node-367913112,40.81666666666667,68.66666666666667,5
13121005000,osm-node-367913209,54.55,84.55,5
13121005000,osm-node-367913219,33.28333333333333,53.28333333333333,5
13121005000,osm-node-367913232,73.86666666666666,103.05,5
13121005000,osm-node-367913236,49.86666666666667,57.333333333333336,5
13121005000,osm-node-367913237,49.96666666666667,64.96666666666667,5
13121005000,osm-node-367913244,56.31666666666667,70.31666666666666,5
13121005000,osm-node-367913251,15.4,31.516666666666666,5
13121005000,osm-node-367913254,40.016666666666666,52.18333333333333,5
13121005000,osm-node-367913296,51.9,61.28333333333333,5
13121005000,osm-node-367913297,54.483333333333334,59.4,5
13121005000,osm-node-367913299,26.633333333333333,46.63333333333333,5
13121005000,osm-node-367913320,53.833333333333336,80.61666666666666,5
13121005000,osm-node-4237695952,24.316666666666663,42.416666666666664,5
13121005000,osm-node-4864504354,36.93333333333333,56.93333333333333,5
13121005000,osm-node-7211662360,69.0,74.16666666666667,5
13121005000,osm-node-8113135530,21.883333333333333,39.13333333333333,5
13121005000,osm-node-871146178,37.1,57.1,5
13121005000,osm-node-8825648847,52.78333333333333,72.78333333333333,5
13121005000,osm-node-9462998941,37.06666666666667,57.06666666666667,5
13121005000,osm-relation-3612501,31.016666666666666,51.016666666666666,5
13121005000,osm-relation-3669728,59.06666666666667,76.88333333333334,5
13121005000,osm-relation-5675786,22.533333333333335,37.61666666666667,5
13121005000,osm-way-112921497,55.95,80.01666666666667,5
13121005000,osm-way-1221469441,68.81666666666666,73.96666666666667,5
13121005000,osm-way-1263059302,36.016666666666666,42.53333333333333,5
13121005000,osm-way-1311902697,29.016666666666666,49.016666666666666,5
13121005000,osm-way-173532783,23.033333333333335,36.2,5
13121005000,osm-way-208158659,51.96666666666667,61.35,5
13121005000,osm-way-219331009,29.833333333333332,38.0,5
13121005000,osm-way-231748291,46.53333333333333,67.0,5
13121005000,osm-way-234732964,34.81666666666667,54.81666666666667,5
13121005000,osm-way-234942606,30.933333333333337,50.93333333333333,5
13121005000,osm-way-252608923,23.7,37.25,5
13121005000,osm-way-268001356,50.28333333333333,70.28333333333333,5
13121005000,osm-way-269246999,54.5,84.5,5
13121005000,osm-way-269542129,44.333333333333336,64.33333333333333,5
13121005000,osm-way-269542737,49.083333333333336,79.71666666666667,5
13121005000,osm-way-269548092,50.95,70.95,5
13121005000,osm-way-269999028,28.816666666666663,48.81666666666667,5
13121005000,osm-way-270010150,41.35,61.35,5
13121005000,osm-way-270358285,33.06666666666667,53.06666666666667,5
13121005000,osm-way-270474813,33.15,53.15,5
13121005000,osm-way-270486467,37.78333333333333,57.78333333333333,5
13121005000,osm-way-270493876,16.15,31.516666666666666,5
13121005000,osm-way-270494085,13.6,30.233333333333334,5
13121005000,osm-way-270494114,18.266666666666666,36.56666666666667,5
13121005000,osm-way-270497388,26.283333333333335,43.233333333333334,5
13121005000,osm-way-270880929,16.116666666666667,31.25,5
13121005000,osm-way-272195210,30.366666666666667,50.36666666666667,5
13121005000,osm-way-272205524,67.38333333333334,67.38333333333334,5
13121005000,osm-way-273055240,37.21666666666667,57.21666666666667,5
13121005000,osm-way-275809609,56.38333333333333,70.38333333333334,5
13121005000,osm-way-343312205,64.66666666666667,79.53333333333333,5
13121005000,osm-way-348402902,24.316666666666663,42.416666666666664,5
13121005000,osm-way-34845384,61.1,81.1,5
13121005000,osm-way-366848935,39.36666666666667,61.61666666666667,5
13121005000,osm-way-388806051,45.28333333333333,75.91666666666667,5
13121005000,osm-way-40860251,53.666666666666664,74.1,5
13121005000,osm-way-40929757,61.483333333333334,81.95,5
13121005000,osm-way-41169860,55.15,78.78333333333333,5
13121005000,osm-way-494707290,59.15,76.96666666666667,5
13121005000,osm-way-494884355,55.03333333333333,77.8,5
13121005000,osm-way-494947781,21.883333333333333,37.15,5
13121005000,osm-way-51291333,38.86666666666667,58.86666666666667,5
13121005000,osm-way-51301407,37.016666666666666,57.016666666666666,5
13121005000,osm-way-51302619,54.2,77.3,5
13121005000,osm-way-51311379,28.15,52.88333333333333,5
13121005000,osm-way-61494982,55.45,78.58333333333333,5
13121005000,osm-way-692240855,50.733333333333334,68.98333333333333,5
13121005000,osm-way-886340463,31.55,51.55,5
13121005000,osm-way-933073925,71.91666666666667,86.91666666666667,5
13121005000,osm-way-98280771,56.8,77.3,5
13121005200,osm-node-10834410890,62.56666666666667,76.03333333333333,5
13121005200,osm-node-10834436435,38.75,53.75,5
13121005200,osm-node-11296519692,25.55,50.36666666666667,5
13121005200,osm-node-11803467005,39.81666666666667,55.11666666666667,5
13121005200,osm-node-11810428451,32.55,47.55,5
13121005200,osm-node-11874720088,48.833333333333336,78.2,5
13121005200,osm-node-12124841474,48.45,66.88333333333334,5
13121005200,osm-node-12136141359,36.13333333333333,50.65,5
13121005200,osm-node-1259091133,65.6,79.68333333333334,5
13121005200,osm-node-12619410960,38.05,53.05,5
13121005200,osm-node-12623995967,38.7,51.516666666666666,5
13121005200,osm-node-12776430676,28.266666666666666,40.516666666666666,5
13121005200,osm-node-12800526801,73.53333333333333,88.53333333333333,5
13121005200,osm-node-13019491858,39.93333333333333,54.93333333333333,5
13121005200,osm-node-13062596546,66.95,83.1,5
13121005200,osm-node-13070138146,38.25,53.25,5
13121005200,osm-node-13076662890,41.61666666666667,52.18333333333333,5
13121005200,osm-node-13132027046,40.46666666666667,60.46666666666667,5
13121005200,osm-node-13305337619,44.35,54.7,5
13121005200,osm-node-13305370788,40.45,55.45,5
13121005200,osm-node-13515490416,10.316666666666666,40.166666666666664,5
13121005200,osm-node-13599896277,47.96666666666667,58.96666666666667,5
13121005200,osm-node-14080656819,4.65,20.6,5
13121005200,osm-node-1595646778,53.583333333333336,53.583333333333336,5
13121005200,osm-node-1748936232,23.3,25.933333333333337,5
13121005200,osm-node-2277885174,38.71666666666667,53.71666666666667,5
13121005200,osm-node-358780362,54.6,75.28333333333333,5
13121005200,osm-node-358780376,64.36666666666666,77.83333333333333,5
13121005200,osm-node-367913112,40.81666666666667,68.66666666666667,5
13121005200,osm-node-367913209,72.93333333333334,84.55,5
13121005200,osm-node-367913219,38.28333333333333,53.28333333333333,5
13121005200,osm-node-367913232,73.86666666666666,103.05,5
13121005200,osm-node-367913236,49.86666666666667,57.333333333333336,5
13121005200,osm-node-367913237,49.96666666666667,64.96666666666667,5
13121005200,osm-node-367913244,62.3,70.31666666666666,5
13121005200,osm-node-367913251,5.05,21.483333333333334,5
13121005200,osm-node-367913254,40.016666666666666,52.18333333333333,5
13121005200,osm-node-367913296,51.9,61.28333333333333,5
13121005200,osm-node-367913297,54.483333333333334,59.4,5
13121005200,osm-node-367913299,22.25,46.63333333333333,5
13121005200,osm-node-367913320,53.833333333333336,80.61666666666666,5
13121005200,osm-node-4237695952,28.416666666666668,42.416666666666664,5
13121005200,osm-node-4864504354,36.93333333333333,56.93333333333333,5
13121005200,osm-node-7211662360,69.0,74.16666666666667,5
13121005200,osm-node-8113135530,27.833333333333332,39.13333333333333,5
13121005200,osm-node-871146178,37.1,57.1,5
13121005200,osm-node-8825648847,55.083333333333336,72.78333333333333,5
13121005200,osm-node-9462998941,42.06666666666667,57.06666666666667,5
13121005200,osm-relation-3612501,36.583333333333336,51.016666666666666,5
13121005200,osm-relation-3669728,65.88333333333334,76.88333333333334,5
13121005200,osm-relation-5675786,29.116666666666667,37.61666666666667,5
13121005200,osm-way-112921497,55.95,80.01666666666667,5
13121005200,osm-way-1221469441,68.81666666666666,73.96666666666667,5
13121005200,osm-way-1263059302,41.016666666666666,42.53333333333333,5
13121005200,osm-way-1311902697,36.483333333333334,49.016666666666666,5
13121005200,osm-way-173532783,28.166666666666668,36.2,5
13121005200,osm-way-208158659,51.96666666666667,61.35,5
13121005200,osm-way-219331009,34.95,38.0,5
13121005200,osm-way-231748291,67.0,67.0,5
13121005200,osm-way-234732964,39.81666666666667,54.81666666666667,5
13121005200,osm-way-234942606,35.93333333333333,50.93333333333333,5
13121005200,osm-way-252608923,28.7,37.25,5
13121005200,osm-way-268001356,69.51666666666667,70.28333333333333,5
13121005200,osm-way-269246999,72.88333333333334,84.5,5
13121005200,osm-way-269542129,49.333333333333336,64.33333333333333,5
13121005200,osm-way-269542737,62.983333333333334,79.71666666666667,5
13121005200,osm-way-269548092,67.06666666666666,70.95,5
13121005200,osm-way-269999028,39.733333333333334,48.81666666666667,5
13121005200,osm-way-270010150,61.35,61.35,5
13121005200,osm-way-270358285,38.06666666666667,53.06666666666667,5
13121005200,osm-way-270474813,38.15,53.15,5
13121005200,osm-way-270486467,37.78333333333333,57.78333333333333,5
13121005200,osm-way-270493876,24.6,31.516666666666666,5
13121005200,osm-way-270494085,22.033333333333335,30.233333333333334,5
13121005200,osm-way-270494114,26.483333333333334,36.56666666666667,5
13121005200,osm-way-270497388,31.283333333333335,43.233333333333334,5
13121005200,osm-way-270880929,22.933333333333337,31.25,5
13121005200,osm-way-272195210,44.666666666666664,50.36666666666667,5
13121005200,osm-way-272205524,67.38333333333334,67.38333333333334,5
13121005200,osm-way-273055240,52.233333333333334,57.21666666666667,5
13121005200,osm-way-275809609,62.36666666666667,70.38333333333334,5
13121005200,osm-way-343312205,64.66666666666667,79.53333333333333,5
13121005200,osm-way-348402902,28.416666666666668,42.416666666666664,5
13121005200,osm-way-34845384,61.1,81.1,5
13121005200,osm-way-366848935,39.36666666666667,39.36666666666667,5
13121005200,osm-way-388806051,62.9,75.91666666666667,5
13121005200,osm-way-40860251,57.5,74.1,5
13121005200,osm-way-40929757,70.38333333333334,81.95,5
13121005200,osm-way-41169860,55.15,78.78333333333333,5
13121005200,osm-way-494707290,65.96666666666667,76.96666666666667,5
13121005200,osm-way-494884355,55.03333333333333,77.8,5
13121005200,osm-way-494947781,28.9,37.15,5
13121005200,osm-way-51291333,38.86666666666667,58.86666666666667,5
13121005200,osm-way-51301407,37.016666666666666,57.016666666666666,5
13121005200,osm-way-51302619,54.2,77.3,5
13121005200,osm-way-51311379,28.15,52.88333333333333,5
13121005200,osm-way-61494982,55.45,78.58333333333333,5
13121005200,osm-way-692240855,50.733333333333334,68.98333333333333,5
13121005200,osm-way-886340463,36.55,51.55,5
13121005200,osm-way-933073925,71.91666666666667,86.91666666666667,5
13121005200,osm-way-98280771,58.55,77.3,5
13121005300,osm-node-10834410890,74.56666666666666,76.03333333333333,5
13121005300,osm-node-10834436435,34.13333333333333,53.75,5
13121005300,osm-node-11296519692,50.36666666666667,57.55,5
13121005300,osm-node-11803467005,48.11666666666667,55.11666666666667,5
13121005300,osm-node-11810428451,29.466666666666665,47.55,5
13121005300,osm-node-11874720088,61.583333333333336,78.2,5
13121005300,osm-node-12124841474,48.45,66.88333333333334,5
13121005300,osm-node-12136141359,30.65,50.65,5
13121005300,osm-node-1259091133,65.6,79.68333333333334,5
13121005300,osm-node-12619410960,35.21666666666667,53.05,5
13121005300,osm-node-12623995967,31.516666666666666,51.516666666666666,5
13121005300,osm-node-12776430676,28.266666666666666,40.516666666666666,5
13121005300,osm-node-12800526801,73.53333333333333,88.53333333333333,5
13121005300,osm-node-13019491858,39.93333333333333,54.93333333333333,5
13121005300,osm-node-13062596546,66.95,83.1,5
13121005300,osm-node-13070138146,38.25,53.25,5
13121005300,osm-node-13076662890,45.18333333333333,52.18333333333333,5
13121005300,osm-node-13132027046,50.46666666666667,60.46666666666667,5
13121005300,osm-node-13305337619,44.35,54.7,5
13121005300,osm-node-13305370788,40.45,55.45,5
13121005300,osm-node-13515490416,34.21666666666667,40.166666666666664,5
13121005300,osm-node-13599896277,47.96666666666667,58.96666666666667,5
13121005300,osm-node-14080656819,27.016666666666666,41.5,5
13121005300,osm-node-1595646778,53.583333333333336,53.583333333333336,5
13121005300,osm-node-1748936232,8.233333333333333,24.033333333333335,5
13121005300,osm-node-2277885174,38.71666666666667,53.71666666666667,5
13121005300,osm-node-358780362,66.6,75.28333333333333,5
13121005300,osm-node-358780376,76.36666666666666,77.83333333333333,5
13121005300,osm-node-367913112,58.666666666666664,68.66666666666667,5
13121005300,osm-node-367913209,72.93333333333334,84.55,5
13121005300,osm-node-367913219,38.28333333333333,53.28333333333333,5
13121005300,osm-node-367913232,73.86666666666666,103.05,5
13121005300,osm-node-367913236,49.86666666666667,57.333333333333336,5
13121005300,osm-node-367913237,49.96666666666667,64.96666666666667,5
13121005300,osm-node-367913244,56.31666666666667,70.31666666666666,5
13121005300,osm-node-367913251,27.9,43.05,5
13121005300,osm-node-367913254,52.18333333333333,70.01666666666667,5
13121005300,osm-node-367913296,59.96666666666667,61.28333333333333,5
13121005300,osm-node-367913297,54.483333333333334,59.4,5
13121005300,osm-node-367913299,36.63333333333333,46.63333333333333,5
13121005300,osm-node-367913320,53.833333333333336,80.61666666666666,5
13121005300,osm-node-4237695952,30.416666666666668,42.416666666666664,5
13121005300,osm-node-4864504354,36.93333333333333,56.93333333333333,5
13121005300,osm-node-7211662360,74.16666666666667,74.16666666666667,5
13121005300,osm-node-8113135530,21.883333333333333,39.13333333333333,5
13121005300,osm-node-871146178,47.1,57.1,5
13121005300,osm-node-8825648847,55.083333333333336,72.78333333333333,5
13121005300,osm-node-9462998941,42.06666666666667,57.06666666666667,5
13121005300,osm-relation-3612501,31.016666666666666,51.016666666666666,5
13121005300,osm-relation-3669728,65.88333333333334,76.88333333333334,5
13121005300,osm-relation-5675786,22.933333333333337,37.61666666666667,5
13121005300,osm-way-112921497,67.95,80.01666666666667,5
13121005300,osm-way-1221469441,73.96666666666667,73.96666666666667,5
13121005300,osm-way-1263059302,41.016666666666666,42.53333333333333,5
13121005300,osm-way-1311902697,29.016666666666666,49.016666666666666,5
13121005300,osm-way-173532783,27.516666666666666,35.016666666666666,5
13121005300,osm-way-208158659,60.03333333333333,61.35,5
13121005300,osm-way-219331009,34.31666666666667,38.0,5
13121005300,osm-way-231748291,67.0,67.0,5
13121005300,osm-way-234732964,39.81666666666667,54.81666666666667,5
13121005300,osm-way-234942606,35.7,50.93333333333333,5
13121005300,osm-way-252608923,26.35,37.25,5
13121005300,osm-way-268001356,69.51666666666667,70.28333333333333,5
13121005300,osm-way-269246999,72.88333333333334,84.5,5
13121005300,osm-way-269542129,49.333333333333336,64.33333333333333,5
13121005300,osm-way-269542737,62.983333333333334,79.71666666666667,5
13121005300,osm-way-269548092,67.06666666666666,70.95,5
13121005300,osm-way-269999028,28.816666666666663,48.81666666666667,5
13121005300,osm-way-270010150,61.35,61.35,5
13121005300,osm-way-270358285,35.233333333333334,53.06666666666667,5
13121005300,osm-way-270474813,38.15,53.15,5
13121005300,osm-way-270486467,37.78333333333333,57.78333333333333,5
13121005300,osm-way-270493876,26.016666666666666,31.516666666666666,5
13121005300,osm-way-270494085,23.45,30.233333333333334,5
13121005300,osm-way-270494114,27.5,36.56666666666667,5
13121005300,osm-way-270497388,31.283333333333335,43.233333333333334,5
13121005300,osm-way-270880929,19.5,31.25,5
13121005300,osm-way-272195210,30.35,47.35,5
13121005300,osm-way-272205524,67.38333333333334,67.38333333333334,5
13121005300,osm-way-273055240,37.21666666666667,52.233333333333334,5
13121005300,osm-way-275809609,56.38333333333333,70.38333333333334,5
13121005300,osm-way-343312205,64.66666666666667,79.53333333333333,5
13121005300,osm-way-348402902,30.416666666666668,42.416666666666664,5
13121005300,osm-way-34845384,61.1,81.1,5
13121005300,osm-way-366848935,61.61666666666667,61.61666666666667,5
13121005300,osm-way-388806051,62.9,75.91666666666667,5
13121005300,osm-way-40860251,69.5,74.1,5
13121005300,osm-way-40929757,70.38333333333334,81.95,5
13121005300,osm-way-41169860,67.15,78.78333333333333,5
13121005300,osm-way-494707290,65.96666666666667,76.96666666666667,5
13121005300,osm-way-494884355,67.03333333333333,77.8,5
13121005300,osm-way-494947781,22.95,37.15,5
13121005300,osm-way-51291333,48.86666666666667,58.86666666666667,5
13121005300,osm-way-51301407,47.016666666666666,57.016666666666666,5
13121005300,osm-way-51302619,66.2,77.3,5
13121005300,osm-way-51311379,52.88333333333333,60.15,5
13121005300,osm-way-61494982,67.45,78.58333333333333,5
13121005300,osm-way-692240855,62.0,68.98333333333333,5
13121005300,osm-way-886340463,33.71666666666667,51.55,5
13121005300,osm-way-933073925,71.91666666666667,86.91666666666667,5
13121005300,osm-way-98280771,70.55,77.3,5
13121006500,osm-node-10834410890,55.733333333333334,76.03333333333333,5
13121006500,osm-node-10834436435,33.75,43.75,5
13121006500,osm-node-11296519692,57.55,77.55,5
13121006500,osm-node-11803467005,48.11666666666667,55.11666666666667,5
13121006500,osm-node-11810428451,27.55,37.55,5
13121006500,osm-node-11874720088,61.583333333333336,78.2,5
13121006500,osm-node-12124841474,46.18333333333333,57.9,5
13121006500,osm-node-12136141359,31.133333333333333,41.13333333333333,5
13121006500,osm-node-1259091133,49.05,65.6,5
13121006500,osm-node-12619410960,33.05,43.05,5
13121006500,osm-node-12623995967,33.7,43.7,5
13121006500,osm-node-12776430676,27.733333333333334,37.733333333333334,5
13121006500,osm-node-12800526801,68.26666666666667,79.15,5
13121006500,osm-node-13019491858,34.93333333333333,44.93333333333333,5
13121006500,osm-node-13062596546,52.46666666666667,66.95,5
13121006500,osm-node-13070138146,33.25,43.25,5
13121006500,osm-node-13076662890,45.18333333333333,52.18333333333333,5
13121006500,osm-node-13132027046,50.46666666666667,60.46666666666667,5
13121006500,osm-node-13305337619,25.266666666666666,30.766666666666666,5
13121006500,osm-node-13305370788,35.45,45.45,5
13121006500,osm-node-13515490416,39.21666666666667,49.21666666666667,5
13121006500,osm-node-13599896277,16.166666666666668,36.03333333333333,5
13121006500,osm-node-14080656819,47.71666666666667,56.05,5
13121006500,osm-node-1595646778,57.583333333333336,69.35,5
13121006500,osm-node-1748936232,46.63333333333333,54.03333333333333,5
13121006500,osm-node-2277885174,33.71666666666667,43.71666666666667,5
13121006500,osm-node-358780362,54.666666666666664,75.28333333333333,5
13121006500,osm-node-358780376,57.53333333333333,77.83333333333333,5
13121006500,osm-node-367913112,58.666666666666664,68.66666666666667,5
13121006500,osm-node-367913209,54.55,84.55,5
13121006500,osm-node-367913219,41.733333333333334,53.28333333333333,5
13121006500,osm-node-367913232,73.86666666666666,73.86666666666666,5
13121006500,osm-node-367913236,29.45,44.28333333333333,5
13121006500,osm-node-367913237,6.133333333333334,19.666666666666668,5
13121006500,osm-node-367913244,24.95,39.95,5
13121006500,osm-node-367913251,47.4,57.6,5
13121006500,osm-node-367913254,70.01666666666667,82.18333333333334,5
13121006500,osm-node-367913296,59.96666666666667,61.28333333333333,5
13121006500,osm-node-367913297,54.483333333333334,66.21666666666667,5
13121006500,osm-node-367913299,41.63333333333333,51.63333333333333,5
13121006500,osm-node-367913320,23.766666666666666,38.766666666666666,5
13121006500,osm-node-4237695952,27.133333333333333,37.13333333333333,5
13121006500,osm-node-4864504354,46.93333333333333,56.93333333333333,5
13121006500,osm-node-7211662360,74.16666666666667,74.16666666666667,5
13121006500,osm-node-8113135530,33.75,43.75,5
13121006500,osm-node-871146178,47.1,57.1,5
13121006500,osm-node-8825648847,52.78333333333333,55.083333333333336,5
13121006500,osm-node-9462998941,37.06666666666667,47.06666666666667,5
13121006500,osm-relation-3612501,31.583333333333332,41.583333333333336,5
13121006500,osm-relation-3669728,27.016666666666666,42.016666666666666,5
13121006500,osm-relation-5675786,35.7,45.93333333333333,5
13121006500,osm-way-112921497,59.38333333333333,80.01666666666667,5
13121006500,osm-way-1221469441,73.96666666666667,73.96666666666667,5
13121006500,osm-way-1263059302,34.016666666666666,37.78333333333333,5
13121006500,osm-way-1311902697,31.483333333333334,41.483333333333334,5
13121006500,osm-way-173532783,41.96666666666667,51.96666666666667,5
13121006500,osm-way-208158659,60.03333333333333,61.35,5
13121006500,osm-way-219331009,44.733333333333334,53.46666666666667,5
13121006500,osm-way-231748291,46.53333333333333,67.0,5
13121006500,osm-way-234732964,34.81666666666667,44.81666666666667,5
13121006500,osm-way-234942606,30.933333333333337,40.93333333333333,5
13121006500,osm-way-252608923,28.166666666666668,38.166666666666664,5
13121006500,osm-way-268001356,50.28333333333333,69.51666666666667,5
13121006500,osm-way-269246999,54.5,84.5,5
13121006500,osm-way-269542129,44.333333333333336,54.333333333333336,5
13121006500,osm-way-269542737,49.083333333333336,62.983333333333334,5
13121006500,osm-way-269548092,67.06666666666666,70.95,5
13121006500,osm-way-269999028,34.733333333333334,44.733333333333334,5
13121006500,osm-way-270010150,61.35,61.35,5
13121006500,osm-way-270358285,33.06666666666667,43.06666666666667,5
13121006500,osm-way-270474813,41.6,53.15,5
13121006500,osm-way-270486467,47.78333333333333,57.78333333333333,5
13121006500,osm-way-270493876,34.11666666666667,44.11666666666667,5
13121006500,osm-way-270494085,31.55,41.55,5
13121006500,osm-way-270494114,37.81666666666667,47.81666666666667,5
13121006500,osm-way-270497388,27.7,37.7,5
13121006500,osm-way-270880929,34.45,44.166666666666664,5
13121006500,osm-way-272195210,33.88333333333333,43.516666666666666,5
13121006500,osm-way-272205524,32.0,47.38333333333333,5
13121006500,osm-way-273055240,41.21666666666667,57.21666666666667,5
13121006500,osm-way-275809609,25.016666666666666,40.016666666666666,5
13121006500,osm-way-343312205,64.66666666666667,79.53333333333333,5
13121006500,osm-way-348402902,27.133333333333333,37.13333333333333,5
13121006500,osm-way-34845384,61.1,61.1,5
13121006500,osm-way-366848935,79.36666666666666,79.36666666666666,5
13121006500,osm-way-388806051,45.28333333333333,62.9,5
13121006500,osm-way-40860251,53.666666666666664,74.1,5
13121006500,osm-way-40929757,61.483333333333334,81.95,5
13121006500,osm-way-41169860,58.083333333333336,78.78333333333333,5
13121006500,osm-way-494707290,27.1,42.1,5
13121006500,osm-way-494884355,57.166666666666664,77.8,5
13121006500,osm-way-494947781,33.9,46.06666666666667,5
13121006500,osm-way-51291333,48.86666666666667,58.86666666666667,5
13121006500,osm-way-51301407,47.016666666666666,57.016666666666666,5
13121006500,osm-way-51302619,56.666666666666664,77.3,5
13121006500,osm-way-51311379,60.15,79.11666666666666,5
13121006500,osm-way-61494982,57.88333333333333,78.58333333333333,5
13121006500,osm-way-692240855,62.0,68.98333333333333,5
13121006500,osm-way-886340463,31.55,41.55,5
13121006500,osm-way-933073925,71.91666666666667,79.36666666666666,5
13121006500,osm-way-98280771,56.8,77.3,5
13121006900,osm-node-10834410890,76.03333333333333,89.56666666666666,5
13121006900,osm-node-10834436435,48.75,54.13333333333333,5
13121006900,osm-node-11296519692,57.55,57.55,5
13121006900,osm-node-11803467005,55.11666666666667,63.31666666666667,5
13121006900,osm-node-11810428451,42.55,49.46666666666667,5
13121006900,osm-node-11874720088,78.2,78.2,5
13121006900,osm-node-12124841474,57.9,72.16666666666667,5
13121006900,osm-node-12136141359,46.13333333333333,50.65,5
13121006900,osm-node-1259091133,65.6,79.68333333333334,5
13121006900,osm-node-12619410960,48.05,55.21666666666667,5
13121006900,osm-node-12623995967,48.7,51.516666666666666,5
13121006900,osm-node-12776430676,40.516666666666666,48.266666666666666,5
13121006900,osm-node-12800526801,79.15,100.26666666666668,5
13121006900,osm-node-13019491858,49.93333333333333,59.93333333333333,5
13121006900,osm-node-13062596546,66.95,83.1,5
13121006900,osm-node-13070138146,48.25,58.25,5
13121006900,osm-node-13076662890,52.18333333333333,61.61666666666667,5
13121006900,osm-node-13132027046,60.46666666666667,70.46666666666667,5
13121006900,osm-node-13305337619,32.983333333333334,61.35,5
13121006900,osm-node-13305370788,50.45,60.45,5
13121006900,osm-node-13515490416,40.166666666666664,40.31666666666667,5
13121006900,osm-node-13599896277,40.0,64.96666666666667,5
13121006900,osm-node-14080656819,31.966666666666665,35.95,5
13121006900,osm-node-1595646778,53.583333333333336,53.583333333333336,5
13121006900,osm-node-1748936232,25.933333333333337,48.03333333333333,5
13121006900,osm-node-2277885174,48.71666666666667,58.71666666666667,5
13121006900,osm-node-358780362,75.28333333333333,81.6,5
13121006900,osm-node-358780376,77.83333333333333,91.36666666666666,5
13121006900,osm-node-367913112,68.66666666666667,72.81666666666666,5
13121006900,osm-node-367913209,84.55,84.55,5
13121006900,osm-node-367913219,53.28333333333333,58.28333333333333,5
13121006900,osm-node-367913232,73.86666666666666,103.05,5
13121006900,osm-node-367913236,44.28333333333333,69.86666666666666,5
13121006900,osm-node-367913237,32.06666666666667,66.06666666666666,5
13121006900,osm-node-367913244,55.95,70.31666666666666,5
13121006900,osm-node-367913251,32.766666666666666,36.75,5
13121006900,osm-node-367913254,70.01666666666667,70.01666666666667,5
13121006900,osm-node-367913296,61.28333333333333,71.9,5
13121006900,osm-node-367913297,59.4,81.23333333333333,5
13121006900,osm-node-367913299,46.63333333333333,52.25,5
13121006900,osm-node-367913320,46.61666666666667,80.61666666666666,5
13121006900,osm-node-4237695952,32.06666666666667,50.416666666666664,5
13121006900,osm-node-4864504354,56.93333333333333,56.93333333333333,5
13121006900,osm-node-7211662360,74.16666666666667,96.0,5
13121006900,osm-node-8113135530,33.95,41.88333333333333,5
13121006900,osm-node-871146178,57.1,67.1,5
13121006900,osm-node-8825648847,67.78333333333333,75.08333333333333,5
13121006900,osm-node-9462998941,52.06666666666667,62.06666666666667,5
13121006900,osm-relation-3612501,46.583333333333336,51.016666666666666,5
13121006900,osm-relation-3669728,57.016666666666666,81.46666666666667,5
13121006900,osm-relation-5675786,34.5,42.93333333333333,5
13121006900,osm-way-112921497,80.01666666666667,82.95,5
13121006900,osm-way-1221469441,73.96666666666667,95.81666666666666,5
13121006900,osm-way-1263059302,39.63333333333333,58.333333333333336,5
13121006900,osm-way-1311902697,46.483333333333334,49.016666666666666,5
13121006900,osm-way-173532783,36.2,52.36666666666667,5
13121006900,osm-way-208158659,61.35,71.96666666666667,5
13121006900,osm-way-219331009,38.0,56.45,5
13121006900,osm-way-231748291,67.0,82.0,5
13121006900,osm-way-234732964,49.81666666666667,59.81666666666667,5
13121006900,osm-way-234942606,45.93333333333333,55.7,5
13121006900,osm-way-252608923,37.25,46.35,5
13121006900,osm-way-268001356,70.28333333333333,89.51666666666667,5
13121006900,osm-way-269246999,84.5,84.5,5
13121006900,osm-way-269542129,59.333333333333336,69.33333333333333,5
13121006900,osm-way-269542737,62.983333333333334,79.71666666666667,5
13121006900,osm-way-269548092,70.95,82.38333333333334,5
13121006900,osm-way-269999028,48.81666666666667,48.81666666666667,5
13121006900,osm-way-270010150,61.35,67.03333333333333,5
13121006900,osm-way-270358285,48.06666666666667,55.233333333333334,5
13121006900,osm-way-270474813,53.15,58.15,5
13121006900,osm-way-270486467,57.78333333333333,57.78333333333333,5
13121006900,osm-way-270493876,31.516666666666666,46.016666666666666,5
13121006900,osm-way-270494085,30.233333333333334,43.45,5
13121006900,osm-way-270494114,36.56666666666667,47.5,5
13121006900,osm-way-270497388,42.3,51.28333333333333,5
13121006900,osm-way-270880929,31.25,39.5,5
13121006900,osm-way-272195210,20.25,50.36666666666667,5
13121006900,osm-way-272205524,47.38333333333333,88.01666666666667,5
13121006900,osm-way-273055240,25.45,57.21666666666667,5
13121006900,osm-way-275809609,56.016666666666666,70.38333333333334,5
13121006900,osm-way-343312205,79.53333333333333,79.53333333333333,5
13121006900,osm-way-348402902,32.06666666666667,50.416666666666664,5
13121006900,osm-way-34845384,81.1,81.1,5
13121006900,osm-way-366848935,41.61666666666667,61.61666666666667,5
13121006900,osm-way-388806051,62.9,75.91666666666667,5
13121006900,osm-way-40860251,74.1,84.5,5
13121006900,osm-way-40929757,81.95,96.95,5
13121006900,osm-way-41169860,78.78333333333333,82.15,5
13121006900,osm-way-494707290,57.1,81.55,5
13121006900,osm-way-494884355,77.8,82.03333333333333,5
13121006900,osm-way-494947781,32.7,42.95,5
13121006900,osm-way-51291333,58.86666666666667,68.86666666666666,5
13121006900,osm-way-51301407,57.016666666666666,67.01666666666667,5
13121006900,osm-way-51302619,77.3,81.2,5
13121006900,osm-way-51311379,60.15,60.15,5
13121006900,osm-way-61494982,78.58333333333333,82.45,5
13121006900,osm-way-692240855,68.98333333333333,70.73333333333333,5
13121006900,osm-way-886340463,46.55,53.71666666666667,5
13121006900,osm-way-933073925,79.36666666666666,101.91666666666669,5
13121006900,osm-way-98280771,77.3,85.55,5
13121007001,osm-node-10834410890,76.03333333333333,91.03333333333332,5
13121007001,osm-node-10834436435,48.75,58.75,5
13121007001,osm-node-11296519692,77.55,83.63333333333334,5
13121007001,osm-node-11803467005,67.11666666666666,75.11666666666666,5
13121007001,osm-node-11810428451,42.55,52.55,5
13121007001,osm-node-11874720088,78.2,91.58333333333331,5
13121007001,osm-node-12124841474,57.9,73.05,5
13121007001,osm-node-12136141359,46.13333333333333,56.13333333333333,5
13121007001,osm-node-1259091133,65.6,79.68333333333334,5
13121007001,osm-node-12619410960,48.05,58.05,5
13121007001,osm-node-12623995967,48.7,58.7,5
13121007001,osm-node-12776430676,42.733333333333334,52.733333333333334,5
13121007001,osm-node-12800526801,79.15,100.26666666666668,5
13121007001,osm-node-13019491858,49.93333333333333,59.93333333333333,5
13121007001,osm-node-13062596546,66.95,83.1,5
13121007001,osm-node-13070138146,48.25,58.25,5
13121007001,osm-node-13076662890,64.18333333333334,72.18333333333334,5
13121007001,osm-node-13132027046,70.46666666666667,80.46666666666667,5
13121007001,osm-node-13305337619,40.266666666666666,50.266666666666666,5
13121007001,osm-node-13305370788,50.45,60.45,5
13121007001,osm-node-13515490416,54.21666666666667,64.21666666666667,5
13121007001,osm-node-13599896277,45.95,55.95,5
13121007001,osm-node-14080656819,61.5,75.05,5
13121007001,osm-node-1595646778,69.35,87.58333333333333,5
13121007001,osm-node-1748936232,68.18333333333334,74.38333333333334,5
13121007001,osm-node-2277885174,48.71666666666667,58.71666666666667,5
13121007001,osm-node-358780362,75.28333333333333,90.28333333333332,5
13121007001,osm-node-358780376,77.83333333333333,92.83333333333331,5
13121007001,osm-node-367913112,78.66666666666667,88.66666666666667,5
13121007001,osm-node-367913209,84.55,84.55,5
13121007001,osm-node-367913219,58.28333333333333,61.733333333333334,5
13121007001,osm-node-367913232,73.86666666666666,103.05,5
13121007001,osm-node-367913236,63.233333333333334,64.28333333333333,5
13121007001,osm-node-367913237,33.36666666666667,48.36666666666667,5
13121007001,osm-node-367913244,17.4,44.8,5
13121007001,osm-node-367913251,63.05,74.7,5
13121007001,osm-node-367913254,84.78333333333333,100.88333333333334,5
13121007001,osm-node-367913296,61.28333333333333,86.96666666666667,5
13121007001,osm-node-367913297,71.23333333333333,81.23333333333333,5
13121007001,osm-node-367913299,56.63333333333333,66.63333333333334,5
13121007001,osm-node-367913320,19.533333333333335,45.516666666666666,5
13121007001,osm-node-4237695952,42.13333333333333,52.06666666666667,5
13121007001,osm-node-4864504354,56.93333333333333,66.93333333333334,5
13121007001,osm-node-7211662360,86.16666666666667,104.16666666666669,5
13121007001,osm-node-8113135530,48.75,53.95,5
13121007001,osm-node-871146178,67.1,77.1,5
13121007001,osm-node-8825648847,67.78333333333333,75.08333333333333,5
13121007001,osm-node-9462998941,52.06666666666667,62.06666666666667,5
13121007001,osm-relation-3612501,46.583333333333336,56.583333333333336,5
13121007001,osm-relation-3669728,27.016666666666666,57.016666666666666,5
13121007001,osm-relation-5675786,50.7,54.5,5
13121007001,osm-way-112921497,80.01666666666667,95.01666666666668,5
13121007001,osm-way-1221469441,85.96666666666667,103.96666666666668,5
13121007001,osm-way-1263059302,45.2,59.016666666666666,5
13121007001,osm-way-1311902697,46.483333333333334,56.483333333333334,5
13121007001,osm-way-173532783,56.96666666666667,63.71666666666667,5
13121007001,osm-way-208158659,61.35,87.03333333333333,5
13121007001,osm-way-219331009,59.733333333333334,69.73333333333333,5
13121007001,osm-way-231748291,67.0,82.0,5
13121007001,osm-way-234732964,49.81666666666667,59.81666666666667,5
13121007001,osm-way-234942606,45.93333333333333,55.93333333333333,5
13121007001,osm-way-252608923,43.166666666666664,53.166666666666664,5
13121007001,osm-way-268001356,70.28333333333333,89.51666666666667,5
13121007001,osm-way-269246999,84.5,84.5,5
13121007001,osm-way-269542129,59.333333333333336,69.33333333333333,5
13121007001,osm-way-269542737,62.983333333333334,79.71666666666667,5
13121007001,osm-way-269548092,70.95,88.61666666666666,5
13121007001,osm-way-269999028,48.81666666666667,59.733333333333334,5
13121007001,osm-way-270010150,61.35,79.85,5
13121007001,osm-way-270358285,48.06666666666667,58.06666666666667,5
13121007001,osm-way-270474813,58.15,61.6,5
13121007001,osm-way-270486467,57.78333333333333,67.78333333333333,5
13121007001,osm-way-270493876,49.11666666666667,59.11666666666667,5
13121007001,osm-way-270494085,46.55,56.55,5
13121007001,osm-way-270494114,52.81666666666667,59.4,5
13121007001,osm-way-270497388,42.7,52.7,5
13121007001,osm-way-270880929,49.25,54.016666666666666,5
13121007001,osm-way-272195210,33.88333333333333,50.36666666666667,5
13121007001,osm-way-272205524,67.38333333333334,67.38333333333334,5
13121007001,osm-way-273055240,28.433333333333337,57.21666666666667,5
13121007001,osm-way-275809609,17.483333333333334,44.88333333333333,5
13121007001,osm-way-343312205,79.53333333333333,95.26666666666668,5
13121007001,osm-way-348402902,42.13333333333333,52.06666666666667,5
13121007001,osm-way-34845384,81.1,81.1,5
13121007001,osm-way-366848935,79.36666666666666,100.61666666666666,5
13121007001,osm-way-388806051,62.9,75.91666666666667,5
13121007001,osm-way-40860251,74.1,89.1,5
13121007001,osm-way-40929757,81.95,96.95,5
13121007001,osm-way-41169860,78.78333333333333,93.78333333333332,5
13121007001,osm-way-494707290,27.1,57.1,5
13121007001,osm-way-494884355,77.8,92.8,5
13121007001,osm-way-494947781,48.9,52.7,5
13121007001,osm-way-51291333,68.86666666666666,78.86666666666666,5
13121007001,osm-way-51301407,67.01666666666667,77.01666666666667,5
13121007001,osm-way-51302619,77.3,92.3,5
13121007001,osm-way-51311379,87.05,87.05,5
13121007001,osm-way-61494982,78.58333333333333,93.58333333333331,5
13121007001,osm-way-692240855,77.93333333333334,88.98333333333333,5
13121007001,osm-way-886340463,46.55,56.55,5
13121007001,osm-way-933073925,79.36666666666666,101.91666666666669,5
13121007001,osm-way-98280771,77.3,92.3,5
13121007301,osm-node-10834410890,76.03333333333333,91.03333333333332,5
13121007301,osm-node-10834436435,53.75,58.75,5
13121007301,osm-node-11296519692,77.55,83.63333333333334,5
13121007301,osm-node-11803467005,67.11666666666666,75.11666666666666,5
13121007301,osm-node-11810428451,47.55,52.55,5
13121007301,osm-node-11874720088,78.2,91.58333333333331,5
13121007301,osm-node-12124841474,66.88333333333334,73.05,5
13121007301,osm-node-12136141359,51.13333333333333,56.13333333333333,5
13121007301,osm-node-1259091133,79.68333333333334,79.68333333333334,5
13121007301,osm-node-12619410960,53.05,58.05,5
13121007301,osm-node-12623995967,53.7,58.7,5
13121007301,osm-node-12776430676,47.733333333333334,52.733333333333334,5
13121007301,osm-node-12800526801,88.53333333333333,100.26666666666668,5
13121007301,osm-node-13019491858,54.93333333333333,59.93333333333333,5
13121007301,osm-node-13062596546,83.1,83.1,5
13121007301,osm-node-13070138146,53.25,58.25,5
13121007301,osm-node-13076662890,64.18333333333334,72.18333333333334,5
13121007301,osm-node-13132027046,70.46666666666667,80.46666666666667,5
13121007301,osm-node-13305337619,45.266666666666666,50.266666666666666,5
13121007301,osm-node-13305370788,55.45,60.45,5
13121007301,osm-node-13515490416,59.21666666666667,64.21666666666667,5
13121007301,osm-node-13599896277,50.95,55.95,5
13121007301,osm-node-14080656819,67.05,67.05,5
13121007301,osm-node-1595646778,69.35,87.58333333333333,5
13121007301,osm-node-1748936232,73.18333333333334,74.38333333333334,5
13121007301,osm-node-2277885174,53.71666666666667,58.71666666666667,5
13121007301,osm-node-358780362,75.28333333333333,90.28333333333332,5
13121007301,osm-node-358780376,77.83333333333333,92.83333333333331,5
13121007301,osm-node-367913112,78.66666666666667,88.66666666666667,5
13121007301,osm-node-367913209,84.55,84.55,5
13121007301,osm-node-367913219,61.733333333333334,61.733333333333334,5
13121007301,osm-node-367913232,103.05,103.05,5
13121007301,osm-node-367913236,64.28333333333333,64.28333333333333,5
13121007301,osm-node-367913237,33.36666666666667,48.36666666666667,5
13121007301,osm-node-367913244,5.583333333333333,31.833333333333332,5
13121007301,osm-node-367913251,67.85,67.85,5
13121007301,osm-node-367913254,84.78333333333333,100.88333333333334,5
13121007301,osm-node-367913296,78.96666666666667,86.96666666666667,5
13121007301,osm-node-367913297,76.21666666666667,81.23333333333333,5
13121007301,osm-node-367913299,61.63333333333333,66.63333333333334,5
13121007301,osm-node-367913320,44.43333333333333,59.43333333333333,5
13121007301,osm-node-4237695952,47.13333333333333,52.13333333333333,5
13121007301,osm-node-4864504354,66.93333333333334,66.93333333333334,5
13121007301,osm-node-7211662360,96.0,104.16666666666669,5
13121007301,osm-node-8113135530,50.68333333333333,58.75,5
13121007301,osm-node-871146178,67.1,77.1,5
13121007301,osm-node-8825648847,72.78333333333333,75.08333333333333,5
13121007301,osm-node-9462998941,57.06666666666667,62.06666666666667,5
13121007301,osm-relation-3612501,51.583333333333336,56.583333333333336,5
13121007301,osm-relation-3669728,27.016666666666666,52.666666666666664,5
13121007301,osm-relation-5675786,50.7,60.93333333333333,5
13121007301,osm-way-112921497,80.01666666666667,95.01666666666668,5
13121007301,osm-way-1221469441,95.81666666666666,103.96666666666668,5
13121007301,osm-way-1263059302,52.78333333333333,59.016666666666666,5
13121007301,osm-way-1311902697,51.483333333333334,56.483333333333334,5
13121007301,osm-way-173532783,60.36666666666667,66.96666666666667,5
13121007301,osm-way-208158659,79.03333333333333,87.03333333333333,5
13121007301,osm-way-219331009,63.61666666666667,69.73333333333333,5
13121007301,osm-way-231748291,67.0,82.0,5
13121007301,osm-way-234732964,54.81666666666667,59.81666666666667,5
13121007301,osm-way-234942606,50.93333333333333,55.93333333333333,5
13121007301,osm-way-252608923,47.25,53.166666666666664,5
13121007301,osm-way-268001356,70.28333333333333,89.51666666666667,5
13121007301,osm-way-269246999,84.5,84.5,5
13121007301,osm-way-269542129,64.33333333333333,69.33333333333333,5
13121007301,osm-way-269542737,79.71666666666667,79.71666666666667,5
13121007301,osm-way-269548092,88.61666666666666,88.61666666666666,5
13121007301,osm-way-269999028,54.733333333333334,59.733333333333334,5
13121007301,osm-way-270010150,79.85,79.85,5
13121007301,osm-way-270358285,53.06666666666667,58.06666666666667,5
13121007301,osm-way-270474813,61.6,61.6,5
13121007301,osm-way-270486467,67.78333333333333,67.78333333333333,5
13121007301,osm-way-270493876,54.11666666666667,59.11666666666667,5
13121007301,osm-way-270494085,51.55,56.55,5
13121007301,osm-way-270494114,55.6,62.81666666666667,5
13121007301,osm-way-270497388,47.7,52.7,5
13121007301,osm-way-270880929,49.45,60.8,5
13121007301,osm-way-272195210,40.25,61.25,5
13121007301,osm-way-272205524,67.38333333333334,67.38333333333334,5
13121007301,osm-way-273055240,37.166666666666664,58.166666666666664,5
13121007301,osm-way-275809609,5.65,31.916666666666668,5
13121007301,osm-way-343312205,95.26666666666668,95.26666666666668,5
13121007301,osm-way-348402902,47.13333333333333,52.13333333333333,5
13121007301,osm-way-34845384,81.1,81.1,5
13121007301,osm-way-366848935,100.61666666666666,100.61666666666666,5
13121007301,osm-way-388806051,75.91666666666667,75.91666666666667,5
13121007301,osm-way-40860251,74.1,89.1,5
13121007301,osm-way-40929757,81.95,96.95,5
13121007301,osm-way-41169860,78.78333333333333,93.78333333333332,5
13121007301,osm-way-494707290,27.1,52.75,5
13121007301,osm-way-494884355,77.8,92.8,5
13121007301,osm-way-494947781,48.9,61.06666666666667,5
13121007301,osm-way-51291333,68.86666666666666,78.86666666666666,5
13121007301,osm-way-51301407,67.01666666666667,77.01666666666667,5
13121007301,osm-way-51302619,77.3,92.3,5
13121007301,osm-way-51311379,87.05,87.05,5
13121007301,osm-way-61494982,78.58333333333333,93.58333333333331,5
13121007301,osm-way-692240855,81.0,88.98333333333333,5
13121007301,osm-way-886340463,51.55,56.55,5
13121007301,osm-way-933073925,86.91666666666667,101.91666666666669,5
13121007301,osm-way-98280771,77.3,92.3,5
13121007604,osm-node-10834410890,76.03333333333333,76.03333333333333,5
13121007604,osm-node-10834436435,38.75,53.75,5
13121007604,osm-node-11296519692,74.08333333333333,77.55,5
13121007604,osm-node-11803467005,55.11666666666667,67.11666666666666,5
13121007604,osm-node-11810428451,32.55,47.55,5
13121007604,osm-node-11874720088,78.2,78.2,5
13121007604,osm-node-12124841474,48.45,66.88333333333334,5
13121007604,osm-node-12136141359,36.13333333333333,51.13333333333333,5
13121007604,osm-node-1259091133,65.6,79.68333333333334,5
13121007604,osm-node-12619410960,38.05,53.05,5
13121007604,osm-node-12623995967,38.7,53.7,5
13121007604,osm-node-12776430676,32.733333333333334,47.733333333333334,5
13121007604,osm-node-12800526801,73.53333333333333,88.53333333333333,5
13121007604,osm-node-13019491858,39.93333333333333,54.93333333333333,5
13121007604,osm-node-13062596546,66.95,83.1,5
13121007604,osm-node-13070138146,38.25,53.25,5
13121007604,osm-node-13076662890,52.18333333333333,64.18333333333334,5
13121007604,osm-node-13132027046,60.46666666666667,70.46666666666667,5
13121007604,osm-node-13305337619,30.266666666666666,45.266666666666666,5
13121007604,osm-node-13305370788,40.45,55.45,5
13121007604,osm-node-13515490416,44.21666666666667,59.21666666666667,5
13121007604,osm-node-13599896277,35.95,50.95,5
13121007604,osm-node-14080656819,56.05,75.05,5
13121007604,osm-node-1595646778,57.583333333333336,69.35,5
13121007604,osm-node-1748936232,54.03333333333333,73.18333333333334,5
13121007604,osm-node-2277885174,38.71666666666667,53.71666666666667,5
13121007604,osm-node-358780362,75.28333333333333,75.28333333333333,5
13121007604,osm-node-358780376,77.83333333333333,77.83333333333333,5
13121007604,osm-node-367913112,68.66666666666667,78.66666666666667,5
13121007604,osm-node-367913209,84.55,84.55,5
13121007604,osm-node-367913219,41.733333333333334,61.733333333333334,5
13121007604,osm-node-367913232,73.86666666666666,103.05,5
13121007604,osm-node-367913236,44.28333333333333,64.28333333333333,5
13121007604,osm-node-367913237,34.96666666666667,49.96666666666667,5
13121007604,osm-node-367913244,55.95,62.3,5
13121007604,osm-node-367913251,57.6,74.7,5
13121007604,osm-node-367913254,70.88333333333334,84.78333333333333,5
13121007604,osm-node-367913296,61.28333333333333,78.96666666666667,5
13121007604,osm-node-367913297,54.483333333333334,76.21666666666667,5
13121007604,osm-node-367913299,46.63333333333333,61.63333333333333,5
13121007604,osm-node-367913320,53.766666666666666,59.46666666666667,5
13121007604,osm-node-4237695952,32.13333333333333,47.13333333333333,5
13121007604,osm-node-4864504354,46.93333333333333,51.68333333333333,5
13121007604,osm-node-7211662360,74.16666666666667,96.0,5
13121007604,osm-node-8113135530,35.68333333333333,50.68333333333333,5
13121007604,osm-node-871146178,57.1,67.1,5
13121007604,osm-node-8825648847,55.083333333333336,72.78333333333333,5
13121007604,osm-node-9462998941,42.06666666666667,57.06666666666667,5
13121007604,osm-relation-3612501,36.583333333333336,51.583333333333336,5
13121007604,osm-relation-3669728,42.583333333333336,58.88333333333333,5
13121007604,osm-relation-5675786,35.7,50.7,5
13121007604,osm-way-112921497,80.01666666666667,80.01666666666667,5
13121007604,osm-way-1221469441,73.96666666666667,95.81666666666666,5
13121007604,osm-way-1263059302,39.016666666666666,54.016666666666666,5
13121007604,osm-way-1311902697,36.483333333333334,51.483333333333334,5
13121007604,osm-way-173532783,45.36666666666667,60.36666666666667,5
13121007604,osm-way-208158659,61.35,79.03333333333333,5
13121007604,osm-way-219331009,49.733333333333334,63.61666666666667,5
13121007604,osm-way-231748291,67.0,67.0,5
13121007604,osm-way-234732964,39.81666666666667,54.81666666666667,5
13121007604,osm-way-234942606,35.93333333333333,50.93333333333333,5
13121007604,osm-way-252608923,32.25,47.25,5
13121007604,osm-way-268001356,69.51666666666667,70.28333333333333,5
13121007604,osm-way-269246999,84.5,84.5,5
13121007604,osm-way-269542129,49.333333333333336,64.33333333333333,5
13121007604,osm-way-269542737,62.983333333333334,79.71666666666667,5
13121007604,osm-way-269548092,67.06666666666666,82.38333333333334,5
13121007604,osm-way-269999028,39.733333333333334,54.733333333333334,5
13121007604,osm-way-270010150,61.35,79.85,5
13121007604,osm-way-270358285,38.06666666666667,53.06666666666667,5
13121007604,osm-way-270474813,41.6,61.6,5
13121007604,osm-way-270486467,47.78333333333333,52.53333333333333,5
13121007604,osm-way-270493876,39.11666666666667,54.11666666666667,5
13121007604,osm-way-270494085,36.55,51.55,5
13121007604,osm-way-270494114,40.6,55.6,5
13121007604,osm-way-270497388,32.7,47.7,5
13121007604,osm-way-270880929,34.45,49.45,5
13121007604,osm-way-272195210,44.666666666666664,63.88333333333333,5
13121007604,osm-way-272205524,38.43333333333333,57.15,5
13121007604,osm-way-273055240,57.21666666666667,71.21666666666667,5
13121007604,osm-way-275809609,56.016666666666666,62.36666666666667,5
13121007604,osm-way-343312205,68.06666666666666,79.53333333333333,5
13121007604,osm-way-348402902,32.13333333333333,47.13333333333333,5
13121007604,osm-way-34845384,61.1,81.1,5
13121007604,osm-way-366848935,79.36666666666666,100.61666666666666,5
13121007604,osm-way-388806051,62.9,75.91666666666667,5
13121007604,osm-way-40860251,74.1,74.1,5
13121007604,osm-way-40929757,70.38333333333334,81.95,5
13121007604,osm-way-41169860,78.78333333333333,78.78333333333333,5
13121007604,osm-way-494707290,42.666666666666664,58.96666666666667,5
13121007604,osm-way-494884355,77.8,77.8,5
13121007604,osm-way-494947781,33.9,48.9,5
13121007604,osm-way-51291333,58.86666666666667,68.86666666666666,5
13121007604,osm-way-51301407,57.016666666666666,67.01666666666667,5
13121007604,osm-way-51302619,77.3,77.3,5
13121007604,osm-way-51311379,79.11666666666666,87.05,5
13121007604,osm-way-61494982,78.58333333333333,78.58333333333333,5
13121007604,osm-way-692240855,68.98333333333333,81.0,5
13121007604,osm-way-886340463,36.55,51.55,5
13121007604,osm-way-933073925,71.91666666666667,86.91666666666667,5
13121007604,osm-way-98280771,77.3,77.3,5
13121007900,osm-node-10834410890,76.03333333333333,106.03333333333332,5
13121007900,osm-node-10834436435,53.75,73.75,5
13121007900,osm-node-11296519692,77.55,98.55,5
13121007900,osm-node-11803467005,67.11666666666666,87.11666666666666,5
13121007900,osm-node-11810428451,47.55,67.55,5
13121007900,osm-node-11874720088,78.2,104.95,5
13121007900,osm-node-12124841474,66.88333333333334,86.88333333333334,5
13121007900,osm-node-12136141359,51.13333333333333,71.13333333333334,5
13121007900,osm-node-1259091133,79.68333333333334,95.6,5
13121007900,osm-node-12619410960,53.05,73.05,5
13121007900,osm-node-12623995967,53.7,73.7,5
13121007900,osm-node-12776430676,47.733333333333334,67.73333333333333,5
13121007900,osm-node-12800526801,88.53333333333333,109.15,5
13121007900,osm-node-13019491858,54.93333333333333,74.93333333333334,5
13121007900,osm-node-13062596546,83.1,96.83333333333331,5
13121007900,osm-node-13070138146,53.25,73.25,5
13121007900,osm-node-13076662890,64.18333333333334,84.18333333333334,5
13121007900,osm-node-13132027046,70.46666666666667,90.46666666666668,5
13121007900,osm-node-13305337619,34.583333333333336,54.583333333333336,5
13121007900,osm-node-13305370788,55.45,75.45,5
13121007900,osm-node-13515490416,59.21666666666667,79.21666666666667,5
13121007900,osm-node-13599896277,39.416666666666664,56.28333333333333,5
13121007900,osm-node-14080656819,75.05,86.05,5
13121007900,osm-node-1595646778,69.35,98.73333333333332,5
13121007900,osm-node-1748936232,73.18333333333334,84.03333333333333,5
13121007900,osm-node-2277885174,53.71666666666667,73.71666666666667,5
13121007900,osm-node-358780362,75.28333333333333,105.28333333333332,5
13121007900,osm-node-358780376,77.83333333333333,107.83333333333331,5
13121007900,osm-node-367913112,78.66666666666667,98.66666666666669,5
13121007900,osm-node-367913209,84.55,93.43333333333334,5
13121007900,osm-node-367913219,56.233333333333334,76.23333333333333,5
13121007900,osm-node-367913232,103.05,103.05,5
13121007900,osm-node-367913236,29.666666666666668,49.666666666666664,5
13121007900,osm-node-367913237,49.96666666666667,64.96666666666667,5
13121007900,osm-node-367913244,62.3,85.95,5
13121007900,osm-node-367913251,74.7,87.6,5
13121007900,osm-node-367913254,84.78333333333333,105.53333333333332,5
13121007900,osm-node-367913296,78.96666666666667,91.28333333333332,5
13121007900,osm-node-367913297,76.21666666666667,96.21666666666668,5
13121007900,osm-node-367913299,61.63333333333333,81.63333333333334,5
13121007900,osm-node-367913320,59.46666666666667,83.76666666666667,5
13121007900,osm-node-4237695952,47.13333333333333,67.13333333333334,5
13121007900,osm-node-4864504354,31.466666666666665,51.68333333333333,5
13121007900,osm-node-7211662360,96.0,104.16666666666669,5
13121007900,osm-node-8113135530,50.68333333333333,73.75,5
13121007900,osm-node-871146178,67.1,87.1,5
13121007900,osm-node-8825648847,72.78333333333333,92.78333333333332,5
13121007900,osm-node-9462998941,57.06666666666667,77.06666666666666,5
13121007900,osm-relation-3612501,51.583333333333336,71.58333333333333,5
13121007900,osm-relation-3669728,65.88333333333334,81.46666666666667,5
13121007900,osm-relation-5675786,50.7,75.93333333333334,5
13121007900,osm-way-112921497,80.01666666666667,110.01666666666668,5
13121007900,osm-way-1221469441,95.81666666666666,103.96666666666668,5
13121007900,osm-way-1263059302,44.983333333333334,64.98333333333333,5
13121007900,osm-way-1311902697,51.483333333333334,71.48333333333333,5
13121007900,osm-way-173532783,60.36666666666667,81.96666666666667,5
13121007900,osm-way-208158659,79.03333333333333,91.35,5
13121007900,osm-way-219331009,63.61666666666667,84.73333333333333,5
13121007900,osm-way-231748291,67.0,97.0,5
13121007900,osm-way-234732964,54.81666666666667,74.81666666666666,5
13121007900,osm-way-234942606,50.93333333333333,70.93333333333334,5
13121007900,osm-way-252608923,47.25,68.16666666666667,5
13121007900,osm-way-268001356,70.28333333333333,90.65,5
13121007900,osm-way-269246999,84.5,93.38333333333334,5
13121007900,osm-way-269542129,64.33333333333333,84.33333333333333,5
13121007900,osm-way-269542737,79.71666666666667,92.98333333333332,5
13121007900,osm-way-269548092,67.06666666666666,82.38333333333334,5
13121007900,osm-way-269999028,54.733333333333334,74.73333333333333,5
13121007900,osm-way-270010150,63.266666666666666,67.03333333333333,5
13121007900,osm-way-270358285,53.06666666666667,73.06666666666666,5
13121007900,osm-way-270474813,56.1,76.1,5
13121007900,osm-way-270486467,32.31666666666667,52.53333333333333,5
13121007900,osm-way-270493876,54.11666666666667,74.11666666666666,5
13121007900,osm-way-270494085,51.55,71.55,5
13121007900,osm-way-270494114,55.6,77.81666666666666,5
13121007900,osm-way-270497388,47.7,67.7,5
13121007900,osm-way-270880929,49.45,74.16666666666667,5
13121007900,osm-way-272195210,63.88333333333333,76.66666666666667,5
13121007900,osm-way-272205524,17.15,37.15,5
13121007900,osm-way-273055240,71.21666666666667,96.73333333333332,5
13121007900,osm-way-275809609,62.36666666666667,86.01666666666667,5
13121007900,osm-way-343312205,68.06666666666666,79.53333333333333,5
13121007900,osm-way-348402902,47.13333333333333,67.13333333333334,5
13121007900,osm-way-34845384,81.1,101.1,5
13121007900,osm-way-366848935,100.61666666666666,119.36666666666666,5
13121007900,osm-way-388806051,75.91666666666667,92.9,5
13121007900,osm-way-40860251,74.1,104.1,5
13121007900,osm-way-40929757,81.95,111.95,5
13121007900,osm-way-41169860,78.78333333333333,108.78333333333332,5
13121007900,osm-way-494707290,65.96666666666667,81.55,5
13121007900,osm-way-494884355,77.8,107.8,5
13121007900,osm-way-494947781,48.9,76.06666666666666,5
13121007900,osm-way-51291333,68.86666666666666,88.86666666666666,5
13121007900,osm-way-51301407,67.01666666666667,87.01666666666667,5
13121007900,osm-way-51302619,77.3,107.3,5
13121007900,osm-way-51311379,87.05,109.11666666666666,5
13121007900,osm-way-61494982,78.58333333333333,108.58333333333331,5
13121007900,osm-way-692240855,81.0,101.0,5
13121007900,osm-way-886340463,51.55,71.55,5
13121007900,osm-way-933073925,86.91666666666667,109.36666666666666,5
13121007900,osm-way-98280771,77.3,107.3,5
13121008000,osm-node-10834410890,76.03333333333333,106.03333333333332,5
13121008000,osm-node-10834436435,38.75,73.75,5
13121008000,osm-node-11296519692,74.08333333333333,98.55,5
13121008000,osm-node-11803467005,55.11666666666667,87.11666666666666,5
13121008000,osm-node-11810428451,32.55,67.55,5
13121008000,osm-node-11874720088,78.2,104.95,5
13121008000,osm-node-12124841474,48.45,86.88333333333334,5
13121008000,osm-node-12136141359,36.13333333333333,71.13333333333334,5
13121008000,osm-node-1259091133,65.6,95.6,5
13121008000,osm-node-12619410960,38.05,73.05,5
13121008000,osm-node-12623995967,38.7,73.7,5
13121008000,osm-node-12776430676,32.733333333333334,67.73333333333333,5
13121008000,osm-node-12800526801,73.53333333333333,109.15,5
13121008000,osm-node-13019491858,39.93333333333333,74.93333333333334,5
13121008000,osm-node-13062596546,66.95,96.83333333333331,5
13121008000,osm-node-13070138146,38.25,73.25,5
13121008000,osm-node-13076662890,52.18333333333333,84.18333333333334,5
13121008000,osm-node-13132027046,60.46666666666667,90.46666666666668,5
13121008000,osm-node-13305337619,30.266666666666666,54.583333333333336,5
13121008000,osm-node-13305370788,40.45,75.45,5
13121008000,osm-node-13515490416,44.21666666666667,79.21666666666667,5
13121008000,osm-node-13599896277,32.733333333333334,56.28333333333333,5
13121008000,osm-node-14080656819,56.05,86.05,5
13121008000,osm-node-1595646778,57.583333333333336,98.73333333333332,5
13121008000,osm-node-1748936232,54.03333333333333,84.03333333333333,5
13121008000,osm-node-2277885174,38.71666666666667,73.71666666666667,5
13121008000,osm-node-358780362,75.28333333333333,105.28333333333332,5
13121008000,osm-node-358780376,77.83333333333333,107.83333333333331,5
13121008000,osm-node-367913112,68.66666666666667,98.66666666666669,5
13121008000,osm-node-367913209,84.55,93.43333333333334,5
13121008000,osm-node-367913219,41.733333333333334,76.23333333333333,5
13121008000,osm-node-367913232,73.86666666666666,103.05,5
13121008000,osm-node-367913236,44.28333333333333,49.666666666666664,5
13121008000,osm-node-367913237,34.65,64.96666666666667,5
13121008000,osm-node-367913244,55.95,85.95,5
13121008000,osm-node-367913251,57.6,87.6,5
13121008000,osm-node-367913254,70.88333333333334,105.53333333333332,5
13121008000,osm-node-367913296,61.28333333333333,91.28333333333332,5
13121008000,osm-node-367913297,54.483333333333334,96.21666666666668,5
13121008000,osm-node-367913299,46.63333333333333,81.63333333333334,5
13121008000,osm-node-367913320,53.766666666666666,83.76666666666667,5
13121008000,osm-node-4237695952,32.13333333333333,67.13333333333334,5
13121008000,osm-node-4864504354,46.93333333333333,51.68333333333333,5
13121008000,osm-node-7211662360,74.16666666666667,104.16666666666669,5
13121008000,osm-node-8113135530,35.68333333333333,73.75,5
13121008000,osm-node-871146178,57.1,87.1,5
13121008000,osm-node-8825648847,55.083333333333336,92.78333333333332,5
13121008000,osm-node-9462998941,42.06666666666667,77.06666666666666,5
13121008000,osm-relation-3612501,36.583333333333336,71.58333333333333,5
13121008000,osm-relation-3669728,45.88333333333333,81.46666666666667,5
13121008000,osm-relation-5675786,35.7,75.93333333333334,5
13121008000,osm-way-112921497,80.01666666666667,110.01666666666668,5
13121008000,osm-way-1221469441,73.96666666666667,103.96666666666668,5
13121008000,osm-way-1263059302,39.016666666666666,64.98333333333333,5
13121008000,osm-way-1311902697,36.483333333333334,71.48333333333333,5
13121008000,osm-way-173532783,45.36666666666667,81.96666666666667,5
13121008000,osm-way-208158659,61.35,91.35,5
13121008000,osm-way-219331009,49.733333333333334,84.73333333333333,5
13121008000,osm-way-231748291,67.0,97.0,5
13121008000,osm-way-234732964,39.81666666666667,74.81666666666666,5
13121008000,osm-way-234942606,35.93333333333333,70.93333333333334,5
13121008000,osm-way-252608923,32.25,68.16666666666667,5
13121008000,osm-way-268001356,69.51666666666667,90.65,5
13121008000,osm-way-269246999,84.5,93.38333333333334,5
13121008000,osm-way-269542129,49.333333333333336,84.33333333333333,5
13121008000,osm-way-269542737,62.983333333333334,92.98333333333332,5
13121008000,osm-way-269548092,67.06666666666666,82.38333333333334,5
13121008000,osm-way-269999028,39.733333333333334,74.73333333333333,5
13121008000,osm-way-270010150,61.35,67.03333333333333,5
13121008000,osm-way-270358285,38.06666666666667,73.06666666666666,5
13121008000,osm-way-270474813,41.6,76.1,5
13121008000,osm-way-270486467,47.78333333333333,52.53333333333333,5
13121008000,osm-way-270493876,39.11666666666667,74.11666666666666,5
13121008000,osm-way-270494085,36.55,71.55,5
13121008000,osm-way-270494114,40.6,77.81666666666666,5
13121008000,osm-way-270497388,32.7,67.7,5
13121008000,osm-way-270880929,34.45,74.16666666666667,5
13121008000,osm-way-272195210,44.666666666666664,76.66666666666667,5
13121008000,osm-way-272205524,16.7,46.833333333333336,5
13121008000,osm-way-273055240,57.21666666666667,96.73333333333332,5
13121008000,osm-way-275809609,56.016666666666666,86.01666666666667,5
13121008000,osm-way-343312205,68.06666666666666,79.53333333333333,5
13121008000,osm-way-348402902,32.13333333333333,67.13333333333334,5
13121008000,osm-way-34845384,61.1,101.1,5
13121008000,osm-way-366848935,79.36666666666666,119.36666666666666,5
13121008000,osm-way-388806051,62.9,92.9,5
13121008000,osm-way-40860251,74.1,104.1,5
13121008000,osm-way-40929757,70.38333333333334,111.95,5
13121008000,osm-way-41169860,78.78333333333333,108.78333333333332,5
13121008000,osm-way-494707290,45.96666666666667,81.55,5
13121008000,osm-way-494884355,77.8,107.8,5
13121008000,osm-way-494947781,33.9,76.06666666666666,5
13121008000,osm-way-51291333,58.86666666666667,88.86666666666666,5
13121008000,osm-way-51301407,57.016666666666666,87.01666666666667,5
13121008000,osm-way-51302619,77.3,107.3,5
13121008000,osm-way-51311379,79.11666666666666,109.11666666666666,5
13121008000,osm-way-61494982,78.58333333333333,108.58333333333331,5
13121008000,osm-way-692240855,68.98333333333333,101.0,5
13121008000,osm-way-886340463,36.55,71.55,5
13121008000,osm-way-933073925,71.91666666666667,109.36666666666666,5
13121008000,osm-way-98280771,77.3,107.3,5
13121008103,osm-node-10834410890,76.03333333333333,89.56666666666666,5
13121008103,osm-node-10834436435,53.75,63.75,5
13121008103,osm-node-11296519692,77.55,77.55,5
13121008103,osm-node-11803467005,63.31666666666667,74.1,5
13121008103,osm-node-11810428451,47.55,57.55,5
13121008103,osm-node-11874720088,78.2,78.2,5
13121008103,osm-node-12124841474,66.88333333333334,76.35,5
13121008103,osm-node-12136141359,51.13333333333333,61.13333333333333,5
13121008103,osm-node-1259091133,79.68333333333334,79.68333333333334,5
13121008103,osm-node-12619410960,53.05,63.05,5
13121008103,osm-node-12623995967,53.7,63.7,5
13121008103,osm-node-12776430676,42.78333333333333,52.78333333333333,5
13121008103,osm-node-12800526801,88.53333333333333,100.26666666666668,5
13121008103,osm-node-13019491858,54.93333333333333,64.93333333333334,5
13121008103,osm-node-13062596546,83.1,83.1,5
13121008103,osm-node-13070138146,53.25,63.25,5
13121008103,osm-node-13076662890,61.61666666666667,72.18333333333334,5
13121008103,osm-node-13132027046,60.46666666666667,70.46666666666667,5
13121008103,osm-node-13305337619,47.38333333333333,67.35,5
13121008103,osm-node-13305370788,55.45,65.45,5
13121008103,osm-node-13515490416,49.21666666666667,59.21666666666667,5
13121008103,osm-node-13599896277,58.28333333333333,70.96666666666667,5
13121008103,osm-node-14080656819,56.05,75.05,5
13121008103,osm-node-1595646778,69.35,87.58333333333333,5
13121008103,osm-node-1748936232,54.03333333333333,73.18333333333334,5
13121008103,osm-node-2277885174,53.71666666666667,63.71666666666667,5
13121008103,osm-node-358780362,75.28333333333333,81.6,5
13121008103,osm-node-358780376,77.83333333333333,91.36666666666666,5
13121008103,osm-node-367913112,68.66666666666667,78.66666666666667,5
13121008103,osm-node-367913209,65.35,84.55,5
13121008103,osm-node-367913219,46.233333333333334,56.233333333333334,5
13121008103,osm-node-367913232,103.05,103.05,5
13121008103,osm-node-367913236,51.75,54.983333333333334,5
13121008103,osm-node-367913237,64.96666666666667,79.13333333333334,5
13121008103,osm-node-367913244,85.31666666666666,85.95,5
13121008103,osm-node-367913251,57.6,74.7,5
13121008103,osm-node-367913254,84.78333333333333,84.78333333333333,5
13121008103,osm-node-367913296,74.16666666666667,84.88333333333334,5
13121008103,osm-node-367913297,76.21666666666667,82.4,5
13121008103,osm-node-367913299,51.63333333333333,61.63333333333333,5
13121008103,osm-node-367913320,83.76666666666667,85.83333333333333,5
13121008103,osm-node-4237695952,47.983333333333334,59.983333333333334,5
13121008103,osm-node-4864504354,16.466666666666665,28.783333333333335,5
13121008103,osm-node-7211662360,74.16666666666667,96.0,5
13121008103,osm-node-8113135530,47.9,57.9,5
13121008103,osm-node-871146178,57.1,67.1,5
13121008103,osm-node-8825648847,72.78333333333333,75.08333333333333,5
13121008103,osm-node-9462998941,57.06666666666667,67.06666666666666,5
13121008103,osm-relation-3612501,51.583333333333336,61.583333333333336,5
13121008103,osm-relation-3669728,76.88333333333334,81.46666666666667,5
13121008103,osm-relation-5675786,45.93333333333333,55.93333333333333,5
13121008103,osm-way-112921497,80.01666666666667,82.95,5
13121008103,osm-way-1221469441,73.96666666666667,95.81666666666666,5
13121008103,osm-way-1263059302,53.03333333333333,63.03333333333333,5
13121008103,osm-way-1311902697,51.483333333333334,61.483333333333334,5
13121008103,osm-way-173532783,51.96666666666667,61.96666666666667,5
13121008103,osm-way-208158659,74.23333333333333,84.95,5
13121008103,osm-way-219331009,58.766666666666666,63.61666666666667,5
13121008103,osm-way-231748291,67.0,82.0,5
13121008103,osm-way-234732964,54.81666666666667,64.81666666666666,5
13121008103,osm-way-234942606,50.93333333333333,60.93333333333333,5
13121008103,osm-way-252608923,43.21666666666667,53.21666666666667,5
13121008103,osm-way-268001356,70.28333333333333,89.51666666666667,5
13121008103,osm-way-269246999,65.3,84.5,5
13121008103,osm-way-269542129,64.33333333333333,74.33333333333333,5
13121008103,osm-way-269542737,79.71666666666667,79.71666666666667,5
13121008103,osm-way-269548092,50.95,67.06666666666666,5
13121008103,osm-way-269999028,54.733333333333334,64.73333333333333,5
13121008103,osm-way-270010150,61.35,63.266666666666666,5
13121008103,osm-way-270358285,53.06666666666667,63.06666666666667,5
13121008103,osm-way-270474813,46.1,56.1,5
13121008103,osm-way-270486467,17.316666666666666,29.633333333333333,5
13121008103,osm-way-270493876,44.11666666666667,54.11666666666667,5
13121008103,osm-way-270494085,41.55,51.55,5
13121008103,osm-way-270494114,47.81666666666667,57.81666666666667,5
13121008103,osm-way-270497388,43.28333333333333,53.28333333333333,5
13121008103,osm-way-270880929,45.8,55.8,5
13121008103,osm-way-272195210,69.11666666666666,71.36666666666666,5
13121008103,osm-way-272205524,57.15,75.73333333333333,5
13121008103,osm-way-273055240,78.21666666666667,78.21666666666667,5
13121008103,osm-way-275809609,85.38333333333334,86.01666666666667,5
13121008103,osm-way-343312205,50.53333333333333,68.06666666666666,5
13121008103,osm-way-348402902,47.983333333333334,59.983333333333334,5
13121008103,osm-way-34845384,81.1,81.1,5
13121008103,osm-way-366848935,79.36666666666666,100.61666666666666,5
13121008103,osm-way-388806051,75.91666666666667,75.91666666666667,5
13121008103,osm-way-40860251,74.1,84.5,5
13121008103,osm-way-40929757,81.95,96.95,5
13121008103,osm-way-41169860,78.78333333333333,82.15,5
13121008103,osm-way-494707290,76.96666666666667,81.55,5
13121008103,osm-way-494884355,77.8,82.03333333333333,5
13121008103,osm-way-494947781,47.43333333333333,57.43333333333333,5
13121008103,osm-way-51291333,58.86666666666667,68.86666666666666,5
13121008103,osm-way-51301407,57.016666666666666,67.01666666666667,5
13121008103,osm-way-51302619,77.3,81.2,5
13121008103,osm-way-51311379,79.11666666666666,87.05,5
13121008103,osm-way-61494982,78.58333333333333,82.45,5
13121008103,osm-way-692240855,76.25,86.96666666666667,5
13121008103,osm-way-886340463,51.55,61.55,5
13121008103,osm-way-933073925,86.91666666666667,101.91666666666669,5
13121008103,osm-way-98280771,77.3,85.55,5
13121008301,osm-node-10834410890,74.56666666666666,76.03333333333333,5
13121008301,osm-node-10834436435,43.75,53.75,5
13121008301,osm-node-11296519692,62.78333333333333,77.55,5
13121008301,osm-node-11803467005,54.1,62.68333333333333,5
13121008301,osm-node-11810428451,37.55,47.38333333333333,5
13121008301,osm-node-11874720088,61.583333333333336,78.2,5
13121008301,osm-node-12124841474,43.81666666666667,57.9,5
13121008301,osm-node-12136141359,41.13333333333333,50.65,5
13121008301,osm-node-1259091133,65.6,65.6,5
13121008301,osm-node-12619410960,39.28333333333333,46.016666666666666,5
13121008301,osm-node-12623995967,43.7,50.25,5
13121008301,osm-node-12776430676,32.78333333333333,47.78333333333333,5
13121008301,osm-node-12800526801,79.15,88.53333333333333,5
13121008301,osm-node-13019491858,44.93333333333333,54.93333333333333,5
13121008301,osm-node-13062596546,66.95,66.95,5
13121008301,osm-node-13070138146,43.25,53.25,5
13121008301,osm-node-13076662890,52.18333333333333,56.88333333333333,5
13121008301,osm-node-13132027046,50.46666666666667,70.46666666666667,5
13121008301,osm-node-13305337619,44.35,47.38333333333333,5
13121008301,osm-node-13305370788,45.45,55.45,5
13121008301,osm-node-13515490416,39.21666666666667,54.21666666666667,5
13121008301,osm-node-13599896277,46.85,58.28333333333333,5
13121008301,osm-node-14080656819,56.05,61.5,5
13121008301,osm-node-1595646778,69.35,87.58333333333333,5
13121008301,osm-node-1748936232,53.18333333333333,68.18333333333334,5
13121008301,osm-node-2277885174,43.71666666666667,53.71666666666667,5
13121008301,osm-node-358780362,66.6,75.28333333333333,5
13121008301,osm-node-358780376,76.36666666666666,77.83333333333333,5
13121008301,osm-node-367913112,58.666666666666664,78.66666666666667,5
13121008301,osm-node-367913209,65.35,65.35,5
13121008301,osm-node-367913219,27.083333333333332,42.88333333333333,5
13121008301,osm-node-367913232,73.86666666666666,73.86666666666666,5
13121008301,osm-node-367913236,24.983333333333334,54.983333333333334,5
13121008301,osm-node-367913237,49.96666666666667,64.96666666666667,5
13121008301,osm-node-367913244,62.3,85.95,5
13121008301,osm-node-367913251,57.6,63.05,5
13121008301,osm-node-367913254,70.01666666666667,84.78333333333333,5
13121008301,osm-node-367913296,61.28333333333333,69.93333333333334,5
13121008301,osm-node-367913297,66.21666666666667,76.21666666666667,5
13121008301,osm-node-367913299,41.63333333333333,56.63333333333333,5
13121008301,osm-node-367913320,59.46666666666667,83.76666666666667,5
13121008301,osm-node-4237695952,36.983333333333334,53.983333333333334,5
13121008301,osm-node-4864504354,15.816666666666666,48.28333333333333,5
13121008301,osm-node-7211662360,74.16666666666667,96.0,5
13121008301,osm-node-8113135530,37.9,52.9,5
13121008301,osm-node-871146178,47.1,67.1,5
13121008301,osm-node-8825648847,55.083333333333336,72.78333333333333,5
13121008301,osm-node-9462998941,47.06666666666667,57.06666666666667,5
13121008301,osm-relation-3612501,41.583333333333336,48.833333333333336,5
13121008301,osm-relation-3669728,65.88333333333334,81.46666666666667,5
13121008301,osm-relation-5675786,35.93333333333333,50.93333333333333,5
13121008301,osm-way-112921497,67.95,80.01666666666667,5
13121008301,osm-way-1221469441,73.96666666666667,95.81666666666666,5
13121008301,osm-way-1263059302,38.78333333333333,58.03333333333333,5
13121008301,osm-way-1311902697,41.483333333333334,48.166666666666664,5
13121008301,osm-way-173532783,41.96666666666667,56.96666666666667,5
13121008301,osm-way-208158659,61.35,70.0,5
13121008301,osm-way-219331009,48.766666666666666,63.61666666666667,5
13121008301,osm-way-231748291,67.0,67.0,5
13121008301,osm-way-234732964,44.81666666666667,54.81666666666667,5
13121008301,osm-way-234942606,40.93333333333333,50.93333333333333,5
13121008301,osm-way-252608923,33.21666666666667,48.21666666666667,5
13121008301,osm-way-268001356,69.51666666666667,70.28333333333333,5
13121008301,osm-way-269246999,65.3,65.3,5
13121008301,osm-way-269542129,54.333333333333336,61.233333333333334,5
13121008301,osm-way-269542737,62.983333333333334,62.983333333333334,5
13121008301,osm-way-269548092,30.95,50.95,5
13121008301,osm-way-269999028,44.733333333333334,47.733333333333334,5
13121008301,osm-way-270010150,16.1,37.03333333333333,5
13121008301,osm-way-270358285,39.31666666666667,46.03333333333333,5
13121008301,osm-way-270474813,26.95,42.75,5
13121008301,osm-way-270486467,17.15,49.11666666666667,5
13121008301,osm-way-270493876,34.11666666666667,49.11666666666667,5
13121008301,osm-way-270494085,31.55,46.55,5
13121008301,osm-way-270494114,37.81666666666667,52.81666666666667,5
13121008301,osm-way-270497388,33.28333333333333,48.28333333333333,5
13121008301,osm-way-270880929,35.8,50.8,5
13121008301,osm-way-272195210,50.36666666666667,69.11666666666666,5
13121008301,osm-way-272205524,47.38333333333333,67.38333333333334,5
13121008301,osm-way-273055240,57.21666666666667,78.21666666666667,5
13121008301,osm-way-275809609,62.36666666666667,86.01666666666667,5
13121008301,osm-way-343312205,38.06666666666667,50.53333333333333,5
13121008301,osm-way-348402902,36.983333333333334,53.983333333333334,5
13121008301,osm-way-34845384,61.1,81.1,5
13121008301,osm-way-366848935,79.36666666666666,79.36666666666666,5
13121008301,osm-way-388806051,62.9,62.9,5
13121008301,osm-way-40860251,69.5,74.1,5
13121008301,osm-way-40929757,81.95,81.95,5
13121008301,osm-way-41169860,67.15,78.78333333333333,5
13121008301,osm-way-494707290,65.96666666666667,81.55,5
13121008301,osm-way-494884355,67.03333333333333,77.8,5
13121008301,osm-way-494947781,37.43333333333333,52.43333333333333,5
13121008301,osm-way-51291333,48.86666666666667,68.86666666666666,5
13121008301,osm-way-51301407,47.016666666666666,67.01666666666667,5
13121008301,osm-way-51302619,66.2,77.3,5
13121008301,osm-way-51311379,69.11666666666666,87.05,5
13121008301,osm-way-61494982,67.45,78.58333333333333,5
13121008301,osm-way-692240855,66.96666666666667,69.0,5
13121008301,osm-way-886340463,38.15,46.13333333333333,5
13121008301,osm-way-933073925,79.36666666666666,86.91666666666667,5
13121008301,osm-way-98280771,70.55,77.3,5
13121008601,osm-node-10834410890,74.56666666666666,76.03333333333333,5
13121008601,osm-node-10834436435,43.75,53.75,5
13121008601,osm-node-11296519692,62.78333333333333,77.55,5
13121008601,osm-node-11803467005,54.1,63.31666666666667,5
13121008601,osm-node-11810428451,37.55,47.55,5
13121008601,osm-node-11874720088,61.583333333333336,78.2,5
13121008601,osm-node-12124841474,43.81666666666667,58.016666666666666,5
13121008601,osm-node-12136141359,41.13333333333333,51.13333333333333,5
13121008601,osm-node-1259091133,52.63333333333333,65.6,5
13121008601,osm-node-12619410960,39.28333333333333,53.05,5
13121008601,osm-node-12623995967,43.7,53.7,5
13121008601,osm-node-12776430676,32.78333333333333,42.78333333333333,5
13121008601,osm-node-12800526801,79.15,88.53333333333333,5
13121008601,osm-node-13019491858,44.93333333333333,54.93333333333333,5
13121008601,osm-node-13062596546,56.38333333333333,66.95,5
13121008601,osm-node-13070138146,43.25,53.25,5
13121008601,osm-node-13076662890,52.18333333333333,61.61666666666667,5
13121008601,osm-node-13132027046,50.46666666666667,60.46666666666667,5
13121008601,osm-node-13305337619,44.35,47.38333333333333,5
13121008601,osm-node-13305370788,45.45,55.45,5
13121008601,osm-node-13515490416,39.21666666666667,49.21666666666667,5
13121008601,osm-node-13599896277,46.85,58.28333333333333,5
13121008601,osm-node-14080656819,56.05,56.05,5
13121008601,osm-node-1595646778,69.35,69.35,5
13121008601,osm-node-1748936232,53.18333333333333,54.03333333333333,5
13121008601,osm-node-2277885174,43.71666666666667,53.71666666666667,5
13121008601,osm-node-358780362,66.6,75.28333333333333,5
13121008601,osm-node-358780376,76.36666666666666,77.83333333333333,5
13121008601,osm-node-367913112,58.666666666666664,68.66666666666667,5
13121008601,osm-node-367913209,35.35,65.35,5
13121008601,osm-node-367913219,27.083333333333332,46.233333333333334,5
13121008601,osm-node-367913232,73.86666666666666,73.86666666666666,5
13121008601,osm-node-367913236,24.983333333333334,51.75,5
13121008601,osm-node-367913237,49.96666666666667,64.96666666666667,5
13121008601,osm-node-367913244,62.3,85.31666666666666,5
13121008601,osm-node-367913251,57.6,57.6,5
13121008601,osm-node-367913254,70.01666666666667,84.78333333333333,5
13121008601,osm-node-367913296,61.28333333333333,74.16666666666667,5
13121008601,osm-node-367913297,66.21666666666667,76.21666666666667,5
13121008601,osm-node-367913299,41.63333333333333,51.63333333333333,5
13121008601,osm-node-367913320,59.46666666666667,83.76666666666667,5
13121008601,osm-node-4237695952,36.983333333333334,47.983333333333334,5
13121008601,osm-node-4864504354,25.633333333333333,36.93333333333333,5
13121008601,osm-node-7211662360,74.16666666666667,74.16666666666667,5
13121008601,osm-node-8113135530,37.9,47.9,5
13121008601,osm-node-871146178,47.1,57.1,5
13121008601,osm-node-8825648847,55.083333333333336,72.78333333333333,5
13121008601,osm-node-9462998941,47.06666666666667,57.06666666666667,5
13121008601,osm-relation-3612501,41.583333333333336,51.583333333333336,5
13121008601,osm-relation-3669728,65.88333333333334,76.88333333333334,5
13121008601,osm-relation-5675786,35.93333333333333,45.93333333333333,5
13121008601,osm-way-112921497,67.95,80.01666666666667,5
13121008601,osm-way-1221469441,73.96666666666667,73.96666666666667,5
13121008601,osm-way-1263059302,38.78333333333333,53.03333333333333,5
13121008601,osm-way-1311902697,41.483333333333334,51.483333333333334,5
13121008601,osm-way-173532783,41.96666666666667,51.96666666666667,5
13121008601,osm-way-208158659,61.35,74.23333333333333,5
13121008601,osm-way-219331009,48.766666666666666,58.766666666666666,5
13121008601,osm-way-231748291,67.0,67.0,5
13121008601,osm-way-234732964,44.81666666666667,54.81666666666667,5
13121008601,osm-way-234942606,40.93333333333333,50.93333333333333,5
13121008601,osm-way-252608923,33.21666666666667,43.21666666666667,5
13121008601,osm-way-268001356,69.51666666666667,70.28333333333333,5
13121008601,osm-way-269246999,35.3,65.3,5
13121008601,osm-way-269542129,54.333333333333336,61.233333333333334,5
13121008601,osm-way-269542737,52.88333333333333,62.983333333333334,5
13121008601,osm-way-269548092,26.45,30.95,5
13121008601,osm-way-269999028,44.733333333333334,54.733333333333334,5
13121008601,osm-way-270010150,9.183333333333334,38.55,5
13121008601,osm-way-270358285,39.31666666666667,53.06666666666667,5
13121008601,osm-way-270474813,26.95,46.1,5
13121008601,osm-way-270486467,26.466666666666665,37.78333333333333,5
13121008601,osm-way-270493876,34.11666666666667,44.11666666666667,5
13121008601,osm-way-270494085,31.55,41.55,5
13121008601,osm-way-270494114,37.81666666666667,47.81666666666667,5
13121008601,osm-way-270497388,33.28333333333333,43.28333333333333,5
13121008601,osm-way-270880929,35.8,45.8,5
13121008601,osm-way-272195210,50.36666666666667,69.11666666666666,5
13121008601,osm-way-272205524,47.38333333333333,67.38333333333334,5
13121008601,osm-way-273055240,57.21666666666667,78.21666666666667,5
13121008601,osm-way-275809609,62.36666666666667,85.38333333333334,5
13121008601,osm-way-343312205,20.533333333333335,38.06666666666667,5
13121008601,osm-way-348402902,36.983333333333334,47.983333333333334,5
13121008601,osm-way-34845384,61.1,81.1,5
13121008601,osm-way-366848935,79.36666666666666,79.36666666666666,5
13121008601,osm-way-388806051,49.11666666666667,62.9,5
13121008601,osm-way-40860251,69.5,74.1,5
13121008601,osm-way-40929757,81.95,81.95,5
13121008601,osm-way-41169860,67.15,78.78333333333333,5
13121008601,osm-way-494707290,65.96666666666667,76.96666666666667,5
13121008601,osm-way-494884355,67.03333333333333,77.8,5
13121008601,osm-way-494947781,37.43333333333333,47.43333333333333,5
13121008601,osm-way-51291333,48.86666666666667,58.86666666666667,5
13121008601,osm-way-51301407,47.016666666666666,57.016666666666666,5
13121008601,osm-way-51302619,66.2,77.3,5
13121008601,osm-way-51311379,69.11666666666666,79.11666666666666,5
13121008601,osm-way-61494982,67.45,78.58333333333333,5
13121008601,osm-way-692240855,66.96666666666667,76.25,5
13121008601,osm-way-886340463,38.15,51.55,5
13121008601,osm-way-933073925,79.36666666666666,86.91666666666667,5
13121008601,osm-way-98280771,70.55,77.3,5
13121008701,osm-node-10834410890,76.03333333333333,103.56666666666666,5
13121008701,osm-node-10834436435,53.75,63.85,5
13121008701,osm-node-11296519692,77.55,98.55,5
13121008701,osm-node-11803467005,63.31666666666667,75.11666666666666,5
13121008701,osm-node-11810428451,47.55,67.55,5
13121008701,osm-node-11874720088,78.2,91.58333333333331,5
13121008701,osm-node-12124841474,58.016666666666666,63.81666666666667,5
13121008701,osm-node-12136141359,51.13333333333333,63.083333333333336,5
13121008701,osm-node-1259091133,52.63333333333333,82.63333333333334,5
13121008701,osm-node-12619410960,53.05,66.01666666666667,5
13121008701,osm-node-12623995967,53.7,65.31666666666666,5
13121008701,osm-node-12776430676,42.78333333333333,62.78333333333333,5
13121008701,osm-node-12800526801,88.53333333333333,109.15,5
13121008701,osm-node-13019491858,54.93333333333333,74.93333333333334,5
13121008701,osm-node-13062596546,56.38333333333333,86.38333333333334,5
13121008701,osm-node-13070138146,53.25,73.25,5
13121008701,osm-node-13076662890,61.61666666666667,72.18333333333334,5
13121008701,osm-node-13132027046,60.46666666666667,80.46666666666667,5
13121008701,osm-node-13305337619,47.38333333333333,67.38333333333334,5
13121008701,osm-node-13305370788,55.45,75.45,5
13121008701,osm-node-13515490416,49.21666666666667,69.21666666666667,5
13121008701,osm-node-13599896277,58.28333333333333,76.85,5
13121008701,osm-node-14080656819,56.05,82.41666666666667,5
13121008701,osm-node-1595646778,69.35,94.58333333333331,5
13121008701,osm-node-1748936232,54.03333333333333,83.18333333333334,5
13121008701,osm-node-2277885174,53.71666666666667,73.71666666666667,5
13121008701,osm-node-358780362,75.28333333333333,95.6,5
13121008701,osm-node-358780376,77.83333333333333,105.36666666666666,5
13121008701,osm-node-367913112,68.66666666666667,88.66666666666667,5
13121008701,osm-node-367913209,35.35,65.35,5
13121008701,osm-node-367913219,46.233333333333334,62.88333333333333,5
13121008701,osm-node-367913232,73.86666666666666,103.05,5
13121008701,osm-node-367913236,51.75,54.983333333333334,5
13121008701,osm-node-367913237,64.96666666666667,79.13333333333334,5
13121008701,osm-node-367913244,85.31666666666666,100.95,5
13121008701,osm-node-367913251,57.6,83.9,5
13121008701,osm-node-367913254,84.78333333333333,105.53333333333332,5
13121008701,osm-node-367913296,74.16666666666667,86.96666666666667,5
13121008701,osm-node-367913297,76.21666666666667,96.21666666666668,5
13121008701,osm-node-367913299,51.63333333333333,71.63333333333334,5
13121008701,osm-node-367913320,83.76666666666667,97.76666666666668,5
13121008701,osm-node-4237695952,47.983333333333334,71.3,5
13121008701,osm-node-4864504354,25.633333333333333,55.36666666666667,5
13121008701,osm-node-7211662360,74.16666666666667,104.16666666666669,5
13121008701,osm-node-8113135530,47.9,66.13333333333334,5
13121008701,osm-node-871146178,57.1,77.1,5
13121008701,osm-node-8825648847,72.78333333333333,92.78333333333332,5
13121008701,osm-node-9462998941,57.06666666666667,77.06666666666666,5
13121008701,osm-relation-3612501,51.583333333333336,65.81666666666666,5
13121008701,osm-relation-3669728,76.88333333333334,96.46666666666668,5
13121008701,osm-relation-5675786,45.93333333333333,65.93333333333334,5
13121008701,osm-way-112921497,80.01666666666667,96.95,5
13121008701,osm-way-1221469441,73.96666666666667,103.96666666666668,5
13121008701,osm-way-1263059302,53.03333333333333,68.78333333333333,5
13121008701,osm-way-1311902697,51.483333333333334,64.61666666666666,5
13121008701,osm-way-173532783,51.96666666666667,71.96666666666667,5
13121008701,osm-way-208158659,74.23333333333333,87.03333333333333,5
13121008701,osm-way-219331009,58.766666666666666,78.76666666666667,5
13121008701,osm-way-231748291,67.0,97.0,5
13121008701,osm-way-234732964,54.81666666666667,74.81666666666666,5
13121008701,osm-way-234942606,50.93333333333333,63.95,5
13121008701,osm-way-252608923,43.21666666666667,62.9,5
13121008701,osm-way-268001356,70.28333333333333,90.65,5
13121008701,osm-way-269246999,35.3,65.3,5
13121008701,osm-way-269542129,61.233333333333334,81.23333333333333,5
13121008701,osm-way-269542737,52.88333333333333,82.88333333333334,5
13121008701,osm-way-269548092,27.716666666666665,50.95,5
13121008701,osm-way-269999028,54.733333333333334,67.65,5
13121008701,osm-way-270010150,29.383333333333333,39.18333333333333,5
13121008701,osm-way-270358285,53.06666666666667,66.03333333333333,5
13121008701,osm-way-270474813,46.1,62.75,5
13121008701,osm-way-270486467,26.466666666666665,56.2,5
13121008701,osm-way-270493876,44.11666666666667,64.11666666666666,5
13121008701,osm-way-270494085,41.55,61.55,5
13121008701,osm-way-270494114,47.81666666666667,67.81666666666666,5
13121008701,osm-way-270497388,43.28333333333333,63.28333333333333,5
13121008701,osm-way-270880929,45.8,64.61666666666666,5
13121008701,osm-way-272195210,69.11666666666666,91.6,5
13121008701,osm-way-272205524,67.38333333333334,88.01666666666667,5
13121008701,osm-way-273055240,78.21666666666667,101.21666666666668,5
13121008701,osm-way-275809609,85.38333333333334,101.01666666666668,5
13121008701,osm-way-343312205,14.933333333333334,33.7,5
13121008701,osm-way-348402902,47.983333333333334,71.3,5
13121008701,osm-way-34845384,81.1,101.1,5
13121008701,osm-way-366848935,79.36666666666666,119.36666666666666,5
13121008701,osm-way-388806051,49.11666666666667,79.11666666666666,5
13121008701,osm-way-40860251,74.1,98.5,5
13121008701,osm-way-40929757,81.95,111.95,5
13121008701,osm-way-41169860,78.78333333333333,96.15,5
13121008701,osm-way-494707290,76.96666666666667,96.55,5
13121008701,osm-way-494884355,77.8,96.03333333333332,5
13121008701,osm-way-494947781,47.43333333333333,64.23333333333333,5
13121008701,osm-way-51291333,58.86666666666667,78.86666666666666,5
13121008701,osm-way-51301407,57.016666666666666,77.01666666666667,5
13121008701,osm-way-51302619,77.3,95.2,5
13121008701,osm-way-51311379,79.11666666666666,96.58333333333331,5
13121008701,osm-way-61494982,78.58333333333333,96.45,5
13121008701,osm-way-692240855,76.25,89.0,5
13121008701,osm-way-886340463,51.55,66.13333333333334,5
13121008701,osm-way-933073925,86.91666666666667,109.36666666666666,5
13121008701,osm-way-98280771,77.3,99.55,5
13121008903,osm-node-10834410890,89.98333333333333,91.03333333333332,5
13121008903,osm-node-10834436435,62.166666666666664,63.06666666666667,5
13121008903,osm-node-11296519692,98.55,98.55,5
13121008903,osm-node-11803467005,75.11666666666666,75.11666666666666,5
13121008903,osm-node-11810428451,59.38333333333333,59.38333333333333,5
13121008903,osm-node-11874720088,104.95,104.95,5
13121008903,osm-node-12124841474,55.18333333333333,58.016666666666666,5
13121008903,osm-node-12136141359,59.78333333333333,59.78333333333333,5
13121008903,osm-node-1259091133,35.166666666666664,52.63333333333333,5
13121008903,osm-node-12619410960,64.88333333333334,64.88333333333334,5
13121008903,osm-node-12623995967,62.333333333333336,62.333333333333336,5
13121008903,osm-node-12776430676,64.56666666666666,64.56666666666666,5
13121008903,osm-node-12800526801,100.26666666666668,100.26666666666668,5
13121008903,osm-node-13019491858,54.31666666666667,57.25,5
13121008903,osm-node-13062596546,31.566666666666663,56.38333333333333,5
13121008903,osm-node-13070138146,54.13333333333333,57.6,5
13121008903,osm-node-13076662890,70.36666666666666,72.18333333333334,5
13121008903,osm-node-13132027046,90.46666666666668,90.46666666666668,5
13121008903,osm-node-13305337619,67.38333333333334,67.38333333333334,5
13121008903,osm-node-13305370788,60.45,65.45,5
13121008903,osm-node-13515490416,74.21666666666667,74.21666666666667,5
13121008903,osm-node-13599896277,76.96666666666667,76.96666666666667,5
13121008903,osm-node-14080656819,82.41666666666667,82.41666666666667,5
13121008903,osm-node-1595646778,94.58333333333331,94.58333333333331,5
13121008903,osm-node-1748936232,84.03333333333333,84.03333333333333,5
13121008903,osm-node-2277885174,50.81666666666667,58.13333333333333,5
13121008903,osm-node-358780362,81.05,90.28333333333332,5
13121008903,osm-node-358780376,91.78333333333332,92.83333333333331,5
13121008903,osm-node-367913112,98.66666666666669,98.66666666666669,5
13121008903,osm-node-367913209,18.983333333333334,32.233333333333334,5
13121008903,osm-node-367913219,62.88333333333333,62.88333333333333,5
13121008903,osm-node-367913232,43.86666666666667,73.86666666666666,5
13121008903,osm-node-367913236,81.75,81.75,5
13121008903,osm-node-367913237,79.13333333333334,79.13333333333334,5
13121008903,osm-node-367913244,92.3,92.3,5
13121008903,osm-node-367913251,83.9,83.9,5
13121008903,osm-node-367913254,105.53333333333332,105.53333333333332,5
13121008903,osm-node-367913296,61.28333333333333,86.96666666666667,5
13121008903,osm-node-367913297,81.23333333333333,83.81666666666666,5
13121008903,osm-node-367913299,76.63333333333334,76.63333333333334,5
13121008903,osm-node-367913320,89.46666666666667,89.46666666666667,5
13121008903,osm-node-4237695952,65.98333333333333,65.98333333333333,5
13121008903,osm-node-4864504354,55.36666666666667,55.36666666666667,5
13121008903,osm-node-7211662360,104.16666666666669,104.16666666666669,5
13121008903,osm-node-8113135530,67.7,67.7,5
13121008903,osm-node-871146178,87.1,87.1,5
13121008903,osm-node-8825648847,56.0,75.08333333333333,5
13121008903,osm-node-9462998941,59.85,63.78333333333333,5
13121008903,osm-relation-3612501,60.266666666666666,60.266666666666666,5
13121008903,osm-relation-3669728,94.88333333333334,94.88333333333334,5
13121008903,osm-relation-5675786,70.93333333333334,70.93333333333334,5
13121008903,osm-way-112921497,82.86666666666666,95.01666666666668,5
13121008903,osm-way-1221469441,103.96666666666668,103.96666666666668,5
13121008903,osm-way-1263059302,73.25,73.25,5
13121008903,osm-way-1311902697,60.11666666666667,60.11666666666667,5
13121008903,osm-way-173532783,74.91666666666667,76.96666666666667,5
13121008903,osm-way-208158659,61.35,87.03333333333333,5
13121008903,osm-way-219331009,71.51666666666667,78.68333333333334,5
13121008903,osm-way-231748291,82.0,82.0,5
13121008903,osm-way-234732964,53.05,59.233333333333334,5
13121008903,osm-way-234942606,58.75,60.266666666666666,5
13121008903,osm-way-252608923,62.583333333333336,62.583333333333336,5
13121008903,osm-way-268001356,89.51666666666667,89.51666666666667,5
13121008903,osm-way-269246999,18.933333333333337,32.18333333333333,5
13121008903,osm-way-269542129,59.766666666666666,61.233333333333334,5
13121008903,osm-way-269542737,37.63333333333333,52.88333333333333,5
13121008903,osm-way-269548092,56.63333333333333,56.63333333333333,5
13121008903,osm-way-269999028,63.36666666666667,63.36666666666667,5
13121008903,osm-way-270010150,63.266666666666666,63.266666666666666,5
13121008903,osm-way-270358285,64.9,64.9,5
13121008903,osm-way-270474813,62.75,62.75,5
13121008903,osm-way-270486467,56.2,56.2,5
13121008903,osm-way-270493876,69.11666666666666,69.11666666666666,5
13121008903,osm-way-270494085,66.55,66.55,5
13121008903,osm-way-270494114,72.81666666666666,72.81666666666666,5
13121008903,osm-way-270497388,70.28333333333333,70.28333333333333,5
13121008903,osm-way-270880929,70.8,70.8,5
13121008903,osm-way-272195210,91.6,91.6,5
13121008903,osm-way-272205524,88.01666666666667,88.01666666666667,5
13121008903,osm-way-273055240,101.21666666666668,101.21666666666668,5
13121008903,osm-way-275809609,92.36666666666666,92.36666666666666,5
13121008903,osm-way-343312205,36.416666666666664,36.416666666666664,5
13121008903,osm-way-348402902,65.98333333333333,65.98333333333333,5
13121008903,osm-way-34845384,51.43333333333333,81.1,5
13121008903,osm-way-366848935,119.36666666666666,119.36666666666666,5
13121008903,osm-way-388806051,33.88333333333333,49.11666666666667,5
13121008903,osm-way-40860251,84.45,89.1,5
13121008903,osm-way-40929757,96.95,96.95,5
13121008903,osm-way-41169860,81.28333333333333,93.78333333333332,5
13121008903,osm-way-494707290,94.96666666666668,94.96666666666668,5
13121008903,osm-way-494884355,81.33333333333333,92.8,5
13121008903,osm-way-494947781,70.01666666666667,70.01666666666667,5
13121008903,osm-way-51291333,88.86666666666666,88.86666666666666,5
13121008903,osm-way-51301407,87.01666666666667,87.01666666666667,5
13121008903,osm-way-51302619,80.5,92.3,5
13121008903,osm-way-51311379,109.11666666666666,109.11666666666666,5
13121008903,osm-way-61494982,81.58333333333333,93.58333333333331,5
13121008903,osm-way-692240855,77.93333333333334,89.0,5
13121008903,osm-way-886340463,63.4,63.4,5
13121008903,osm-way-933073925,101.91666666666669,101.91666666666669,5
13121008903,osm-way-98280771,85.13333333333334,92.3,5
13121008905,osm-node-10834410890,55.733333333333334,89.98333333333333,5
13121008905,osm-node-10834436435,29.066666666666663,62.166666666666664,5
13121008905,osm-node-11296519692,74.08333333333333,98.55,5
13121008905,osm-node-11803467005,43.5,75.11666666666666,5
13121008905,osm-node-11810428451,25.383333333333333,59.38333333333333,5
13121008905,osm-node-11874720088,78.2,104.95,5
13121008905,osm-node-12124841474,24.4,55.18333333333333,5
13121008905,osm-node-12136141359,25.783333333333335,59.78333333333333,5
13121008905,osm-node-1259091133,19.05,39.416666666666664,5
13121008905,osm-node-12619410960,30.883333333333333,64.88333333333334,5
13121008905,osm-node-12623995967,28.333333333333332,62.333333333333336,5
13121008905,osm-node-12776430676,30.566666666666663,64.56666666666666,5
13121008905,osm-node-12800526801,68.26666666666667,100.26666666666668,5
13121008905,osm-node-13019491858,23.4,54.31666666666667,5
13121008905,osm-node-13062596546,22.466666666666665,43.15,5
13121008905,osm-node-13070138146,23.133333333333333,54.13333333333333,5
13121008905,osm-node-13076662890,38.36666666666667,70.36666666666666,5
13121008905,osm-node-13132027046,60.46666666666667,90.46666666666668,5
13121008905,osm-node-13305337619,39.35,67.38333333333334,5
13121008905,osm-node-13305370788,25.8,60.45,5
13121008905,osm-node-13515490416,44.21666666666667,74.21666666666667,5
13121008905,osm-node-13599896277,42.96666666666667,76.96666666666667,5
13121008905,osm-node-14080656819,56.05,82.41666666666667,5
13121008905,osm-node-1595646778,57.583333333333336,94.58333333333331,5
13121008905,osm-node-1748936232,54.03333333333333,84.03333333333333,5
13121008905,osm-node-2277885174,19.65,50.81666666666667,5
13121008905,osm-node-358780362,49.05,81.05,5
13121008905,osm-node-358780376,57.53333333333333,91.78333333333332,5
13121008905,osm-node-367913112,68.66666666666667,98.66666666666669,5
13121008905,osm-node-367913209,15.5,34.75,5
13121008905,osm-node-367913219,42.88333333333333,62.88333333333333,5
13121008905,osm-node-367913232,43.86666666666667,73.86666666666666,5
13121008905,osm-node-367913236,54.983333333333334,81.75,5
13121008905,osm-node-367913237,49.96666666666667,79.13333333333334,5
13121008905,osm-node-367913244,62.3,92.3,5
13121008905,osm-node-367913251,57.6,83.9,5
13121008905,osm-node-367913254,70.88333333333334,105.53333333333332,5
13121008905,osm-node-367913296,29.283333333333335,61.28333333333333,5
13121008905,osm-node-367913297,51.233333333333334,81.23333333333333,5
13121008905,osm-node-367913299,46.63333333333333,76.63333333333334,5
13121008905,osm-node-367913320,53.833333333333336,89.46666666666667,5
13121008905,osm-node-4237695952,31.983333333333334,65.98333333333333,5
13121008905,osm-node-4864504354,46.93333333333333,55.36666666666667,5
13121008905,osm-node-7211662360,74.16666666666667,104.16666666666669,5
13121008905,osm-node-8113135530,33.7,67.7,5
13121008905,osm-node-871146178,57.1,87.1,5
13121008905,osm-node-8825648847,29.716666666666665,63.46666666666667,5
13121008905,osm-node-9462998941,25.683333333333337,59.85,5
13121008905,osm-relation-3612501,26.266666666666666,60.266666666666666,5
13121008905,osm-relation-3669728,59.06666666666667,94.88333333333334,5
13121008905,osm-relation-5675786,35.7,70.93333333333334,5
13121008905,osm-way-112921497,50.86666666666667,82.86666666666666,5
13121008905,osm-way-1221469441,73.96666666666667,103.96666666666668,5
13121008905,osm-way-1263059302,42.53333333333333,73.25,5
13121008905,osm-way-1311902697,26.116666666666667,60.11666666666667,5
13121008905,osm-way-173532783,44.916666666666664,74.91666666666667,5
13121008905,osm-way-208158659,29.35,61.35,5
13121008905,osm-way-219331009,41.516666666666666,71.51666666666667,5
13121008905,osm-way-231748291,46.53333333333333,82.0,5
13121008905,osm-way-234732964,21.933333333333337,53.05,5
13121008905,osm-way-234942606,26.266666666666666,58.75,5
13121008905,osm-way-252608923,28.583333333333332,62.583333333333336,5
13121008905,osm-way-268001356,50.28333333333333,89.51666666666667,5
13121008905,osm-way-269246999,15.45,34.7,5
13121008905,osm-way-269542129,21.233333333333334,59.766666666666666,5
13121008905,osm-way-269542737,18.9,39.3,5
13121008905,osm-way-269548092,50.95,56.63333333333333,5
13121008905,osm-way-269999028,29.366666666666667,63.36666666666667,5
13121008905,osm-way-270010150,41.35,63.266666666666666,5
13121008905,osm-way-270358285,30.9,64.9,5
13121008905,osm-way-270474813,42.75,62.75,5
13121008905,osm-way-270486467,47.78333333333333,56.2,5
13121008905,osm-way-270493876,39.11666666666667,69.11666666666666,5
13121008905,osm-way-270494085,36.55,66.55,5
13121008905,osm-way-270494114,40.6,72.81666666666666,5
13121008905,osm-way-270497388,36.28333333333333,70.28333333333333,5
13121008905,osm-way-270880929,34.45,70.8,5
13121008905,osm-way-272195210,44.666666666666664,91.6,5
13121008905,osm-way-272205524,67.38333333333334,88.01666666666667,5
13121008905,osm-way-273055240,57.21666666666667,101.21666666666668,5
13121008905,osm-way-275809609,62.36666666666667,92.36666666666666,5
13121008905,osm-way-343312205,34.666666666666664,64.66666666666667,5
13121008905,osm-way-348402902,31.983333333333334,65.98333333333333,5
13121008905,osm-way-34845384,38.46666666666667,81.1,5
13121008905,osm-way-366848935,79.36666666666666,119.36666666666666,5
13121008905,osm-way-388806051,15.283333333333331,35.53333333333333,5
13121008905,osm-way-40860251,52.45,84.45,5
13121008905,osm-way-40929757,61.483333333333334,96.95,5
13121008905,osm-way-41169860,49.28333333333333,81.28333333333333,5
13121008905,osm-way-494707290,59.15,94.96666666666668,5
13121008905,osm-way-494884355,49.333333333333336,81.33333333333333,5
13121008905,osm-way-494947781,33.9,70.01666666666667,5
13121008905,osm-way-51291333,58.86666666666667,88.86666666666666,5
13121008905,osm-way-51301407,57.016666666666666,87.01666666666667,5
13121008905,osm-way-51302619,48.5,80.5,5
13121008905,osm-way-51311379,79.11666666666666,109.11666666666666,5
13121008905,osm-way-61494982,49.583333333333336,81.58333333333333,5
13121008905,osm-way-692240855,45.93333333333333,77.93333333333334,5
13121008905,osm-way-886340463,29.4,63.4,5
13121008905,osm-way-933073925,71.91666666666667,101.91666666666669,5
13121008905,osm-way-98280771,53.13333333333333,85.13333333333334,5
13121009103,osm-node-10834410890,55.733333333333334,55.733333333333334,5
13121009103,osm-node-10834436435,39.06666666666667,39.06666666666667,5
13121009103,osm-node-11296519692,77.55,77.55,5
13121009103,osm-node-11803467005,55.11666666666667,55.11666666666667,5
13121009103,osm-node-11810428451,35.38333333333333,35.38333333333333,5
13121009103,osm-node-11874720088,78.2,78.2,5
13121009103,osm-node-12124841474,41.63333333333333,48.45,5
13121009103,osm-node-12136141359,35.78333333333333,35.78333333333333,5
13121009103,osm-node-1259091133,31.7,48.333333333333336,5
13121009103,osm-node-12619410960,40.88333333333333,40.88333333333333,5
13121009103,osm-node-12623995967,38.333333333333336,38.333333333333336,5
13121009103,osm-node-12776430676,40.56666666666667,40.56666666666667,5
13121009103,osm-node-12800526801,68.26666666666667,68.26666666666667,5
13121009103,osm-node-13019491858,27.266666666666666,30.5,5
13121009103,osm-node-13062596546,28.05,44.38333333333333,5
13121009103,osm-node-13070138146,31.316666666666663,33.4,5
13121009103,osm-node-13076662890,52.18333333333333,52.18333333333333,5
13121009103,osm-node-13132027046,70.46666666666667,70.46666666666667,5
13121009103,osm-node-13305337619,47.38333333333333,49.35,5
13121009103,osm-node-13305370788,16.066666666666666,23.2,5
13121009103,osm-node-13515490416,53.55,53.55,5
13121009103,osm-node-13599896277,52.96666666666667,52.96666666666667,5
13121009103,osm-node-14080656819,61.5,61.5,5
13121009103,osm-node-1595646778,69.35,69.35,5
13121009103,osm-node-1748936232,59.416666666666664,59.416666666666664,5
13121009103,osm-node-2277885174,36.46666666666667,37.583333333333336,5
13121009103,osm-node-358780362,54.666666666666664,54.666666666666664,5
13121009103,osm-node-358780376,57.53333333333333,57.53333333333333,5
13121009103,osm-node-367913112,78.66666666666667,78.66666666666667,5
13121009103,osm-node-367913209,54.55,67.26666666666667,5
13121009103,osm-node-367913219,42.88333333333333,53.28333333333333,5
13121009103,osm-node-367913232,43.86666666666667,73.86666666666666,5
13121009103,osm-node-367913236,57.333333333333336,64.28333333333333,5
13121009103,osm-node-367913237,64.96666666666667,64.96666666666667,5
13121009103,osm-node-367913244,70.31666666666666,70.31666666666666,5
13121009103,osm-node-367913251,61.516666666666666,61.516666666666666,5
13121009103,osm-node-367913254,82.18333333333334,82.18333333333334,5
13121009103,osm-node-367913296,61.28333333333333,61.28333333333333,5
13121009103,osm-node-367913297,51.233333333333334,54.483333333333334,5
13121009103,osm-node-367913299,56.63333333333333,56.63333333333333,5
13121009103,osm-node-367913320,83.76666666666667,83.76666666666667,5
13121009103,osm-node-4237695952,41.983333333333334,41.983333333333334,5
13121009103,osm-node-4864504354,56.93333333333333,56.93333333333333,5
13121009103,osm-node-7211662360,74.16666666666667,74.16666666666667,5
13121009103,osm-node-8113135530,43.7,43.7,5
13121009103,osm-node-871146178,67.1,67.1,5
13121009103,osm-node-8825648847,4.216666666666667,14.283333333333331,5
13121009103,osm-node-9462998941,25.683333333333337,28.05,5
13121009103,osm-relation-3612501,36.266666666666666,36.266666666666666,5
13121009103,osm-relation-3669728,66.46666666666667,66.46666666666667,5
13121009103,osm-relation-5675786,47.8,47.8,5
13121009103,osm-way-112921497,59.38333333333333,59.38333333333333,5
13121009103,osm-way-1221469441,73.96666666666667,73.96666666666667,5
13121009103,osm-way-1263059302,53.85,53.85,5
13121009103,osm-way-1311902697,36.11666666666667,36.11666666666667,5
13121009103,osm-way-173532783,55.166666666666664,55.166666666666664,5
13121009103,osm-way-208158659,61.35,61.35,5
13121009103,osm-way-219331009,53.46666666666667,53.46666666666667,5
13121009103,osm-way-231748291,46.53333333333333,46.53333333333333,5
13121009103,osm-way-234732964,34.85,36.916666666666664,5
13121009103,osm-way-234942606,36.266666666666666,36.266666666666666,5
13121009103,osm-way-252608923,38.583333333333336,38.583333333333336,5
13121009103,osm-way-268001356,34.5,34.5,5
13121009103,osm-way-269246999,54.5,67.21666666666667,5
13121009103,osm-way-269542129,24.95,37.43333333333333,5
13121009103,osm-way-269542737,37.5,43.96666666666667,5
13121009103,osm-way-269548092,70.95,70.95,5
13121009103,osm-way-269999028,39.36666666666667,39.36666666666667,5
13121009103,osm-way-270010150,61.35,61.35,5
13121009103,osm-way-270358285,40.9,40.9,5
13121009103,osm-way-270474813,42.75,53.15,5
13121009103,osm-way-270486467,57.78333333333333,57.78333333333333,5
13121009103,osm-way-270493876,49.11666666666667,49.11666666666667,5
13121009103,osm-way-270494085,46.55,46.55,5
13121009103,osm-way-270494114,52.81666666666667,52.81666666666667,5
13121009103,osm-way-270497388,46.28333333333333,46.28333333333333,5
13121009103,osm-way-270880929,49.25,49.25,5
13121009103,osm-way-272195210,50.36666666666667,50.36666666666667,5
13121009103,osm-way-272205524,67.38333333333334,67.38333333333334,5
13121009103,osm-way-273055240,57.21666666666667,57.21666666666667,5
13121009103,osm-way-275809609,70.38333333333334,70.38333333333334,5
13121009103,osm-way-343312205,66.41666666666667,79.53333333333333,5
13121009103,osm-way-348402902,41.983333333333334,41.983333333333334,5
13121009103,osm-way-34845384,10.133333333333333,21.1,5
13121009103,osm-way-366848935,79.36666666666666,79.36666666666666,5
13121009103,osm-way-388806051,36.55,43.016666666666666,5
13121009103,osm-way-40860251,53.666666666666664,53.666666666666664,5
13121009103,osm-way-40929757,61.483333333333334,61.483333333333334,5
13121009103,osm-way-41169860,58.083333333333336,58.083333333333336,5
13121009103,osm-way-494707290,66.55,66.55,5
13121009103,osm-way-494884355,57.166666666666664,57.166666666666664,5
13121009103,osm-way-494947781,46.016666666666666,46.016666666666666,5
13121009103,osm-way-51291333,68.61666666666666,68.61666666666666,5
13121009103,osm-way-51301407,67.01666666666667,67.01666666666667,5
13121009103,osm-way-51302619,56.666666666666664,56.666666666666664,5
13121009103,osm-way-51311379,81.83333333333333,81.83333333333333,5
13121009103,osm-way-61494982,57.88333333333333,57.88333333333333,5
13121009103,osm-way-692240855,68.98333333333333,68.98333333333333,5
13121009103,osm-way-886340463,39.4,39.4,5
13121009103,osm-way-933073925,71.91666666666667,71.91666666666667,5
13121009103,osm-way-98280771,56.8,56.8,5
13121009301,osm-node-10834410890,55.733333333333334,55.733333333333334,5
13121009301,osm-node-10834436435,39.06666666666667,39.06666666666667,5
13121009301,osm-node-11296519692,77.55,77.55,5
13121009301,osm-node-11803467005,55.11666666666667,55.11666666666667,5
13121009301,osm-node-11810428451,35.38333333333333,35.38333333333333,5
13121009301,osm-node-11874720088,78.2,78.2,5
13121009301,osm-node-12124841474,48.45,48.45,5
13121009301,osm-node-12136141359,35.78333333333333,35.78333333333333,5
13121009301,osm-node-1259091133,65.6,65.6,5
13121009301,osm-node-12619410960,40.88333333333333,40.88333333333333,5
13121009301,osm-node-12623995967,38.333333333333336,38.333333333333336,5
13121009301,osm-node-12776430676,40.56666666666667,40.56666666666667,5
13121009301,osm-node-12800526801,58.53333333333333,68.26666666666667,5
13121009301,osm-node-13019491858,30.5,30.5,5
13121009301,osm-node-13062596546,46.0,47.61666666666667,5
13121009301,osm-node-13070138146,33.4,33.4,5
13121009301,osm-node-13076662890,52.18333333333333,52.18333333333333,5
13121009301,osm-node-13132027046,70.46666666666667,70.46666666666667,5
13121009301,osm-node-13305337619,49.35,49.35,5
13121009301,osm-node-13305370788,23.2,23.2,5
13121009301,osm-node-13515490416,53.55,53.55,5
13121009301,osm-node-13599896277,52.96666666666667,52.96666666666667,5
13121009301,osm-node-14080656819,61.5,61.5,5
13121009301,osm-node-1595646778,69.35,69.35,5
13121009301,osm-node-1748936232,59.416666666666664,59.416666666666664,5
13121009301,osm-node-2277885174,37.583333333333336,37.583333333333336,5
13121009301,osm-node-358780362,54.666666666666664,54.666666666666664,5
13121009301,osm-node-358780376,57.53333333333333,57.53333333333333,5
13121009301,osm-node-367913112,78.66666666666667,78.66666666666667,5
13121009301,osm-node-367913209,84.55,84.55,5
13121009301,osm-node-367913219,53.28333333333333,53.28333333333333,5
13121009301,osm-node-367913232,73.86666666666666,73.86666666666666,5
13121009301,osm-node-367913236,64.28333333333333,64.28333333333333,5
13121009301,osm-node-367913237,64.96666666666667,64.96666666666667,5
13121009301,osm-node-367913244,70.31666666666666,70.31666666666666,5
13121009301,osm-node-367913251,61.516666666666666,61.516666666666666,5
13121009301,osm-node-367913254,82.18333333333334,82.18333333333334,5
13121009301,osm-node-367913296,61.28333333333333,61.28333333333333,5
13121009301,osm-node-367913297,37.68333333333333,54.483333333333334,5
13121009301,osm-node-367913299,56.63333333333333,56.63333333333333,5
13121009301,osm-node-367913320,83.76666666666667,83.76666666666667,5
13121009301,osm-node-4237695952,41.983333333333334,41.983333333333334,5
13121009301,osm-node-4864504354,56.93333333333333,56.93333333333333,5
13121009301,osm-node-7211662360,74.16666666666667,74.16666666666667,5
13121009301,osm-node-8113135530,43.7,43.7,5
13121009301,osm-node-871146178,67.1,67.1,5
13121009301,osm-node-8825648847,19.083333333333332,19.083333333333332,5
13121009301,osm-node-9462998941,28.05,28.05,5
13121009301,osm-relation-3612501,36.266666666666666,36.266666666666666,5
13121009301,osm-relation-3669728,66.46666666666667,66.46666666666667,5
13121009301,osm-relation-5675786,47.8,47.8,5
13121009301,osm-way-112921497,59.38333333333333,59.38333333333333,5
13121009301,osm-way-1221469441,73.96666666666667,73.96666666666667,5
13121009301,osm-way-1263059302,53.85,53.85,5
13121009301,osm-way-1311902697,36.11666666666667,36.11666666666667,5
13121009301,osm-way-173532783,55.166666666666664,55.166666666666664,5
13121009301,osm-way-208158659,61.35,61.35,5
13121009301,osm-way-219331009,53.46666666666667,53.46666666666667,5
13121009301,osm-way-231748291,44.333333333333336,46.53333333333333,5
13121009301,osm-way-234732964,36.916666666666664,36.916666666666664,5
13121009301,osm-way-234942606,36.266666666666666,36.266666666666666,5
13121009301,osm-way-252608923,38.583333333333336,38.583333333333336,5
13121009301,osm-way-268001356,34.233333333333334,34.5,5
13121009301,osm-way-269246999,84.5,84.5,5
13121009301,osm-way-269542129,37.43333333333333,37.43333333333333,5
13121009301,osm-way-269542737,62.983333333333334,62.983333333333334,5
13121009301,osm-way-269548092,70.95,70.95,5
13121009301,osm-way-269999028,39.36666666666667,39.36666666666667,5
13121009301,osm-way-270010150,61.35,61.35,5
13121009301,osm-way-270358285,40.9,40.9,5
13121009301,osm-way-270474813,53.15,53.15,5
13121009301,osm-way-270486467,57.78333333333333,57.78333333333333,5
13121009301,osm-way-270493876,49.11666666666667,49.11666666666667,5
13121009301,osm-way-270494085,46.55,46.55,5
13121009301,osm-way-270494114,52.81666666666667,52.81666666666667,5
13121009301,osm-way-270497388,46.28333333333333,46.28333333333333,5
13121009301,osm-way-270880929,49.25,49.25,5
13121009301,osm-way-272195210,50.36666666666667,50.36666666666667,5
13121009301,osm-way-272205524,67.38333333333334,67.38333333333334,5
13121009301,osm-way-273055240,57.21666666666667,57.21666666666667,5
13121009301,osm-way-275809609,70.38333333333334,70.38333333333334,5
13121009301,osm-way-343312205,79.53333333333333,79.53333333333333,5
13121009301,osm-way-348402902,41.983333333333334,41.983333333333334,5
13121009301,osm-way-34845384,18.583333333333332,22.0,5
13121009301,osm-way-366848935,79.36666666666666,79.36666666666666,5
13121009301,osm-way-388806051,62.9,62.9,5
13121009301,osm-way-40860251,53.666666666666664,53.666666666666664,5
13121009301,osm-way-40929757,55.38333333333333,61.483333333333334,5
13121009301,osm-way-41169860,58.083333333333336,58.083333333333336,5
13121009301,osm-way-494707290,66.55,66.55,5
13121009301,osm-way-494884355,57.166666666666664,57.166666666666664,5
13121009301,osm-way-494947781,46.016666666666666,46.016666666666666,5
13121009301,osm-way-51291333,68.61666666666666,68.61666666666666,5
13121009301,osm-way-51301407,67.01666666666667,67.01666666666667,5
13121009301,osm-way-51302619,56.666666666666664,56.666666666666664,5
13121009301,osm-way-51311379,81.83333333333333,81.83333333333333,5
13121009301,osm-way-61494982,57.88333333333333,57.88333333333333,5
13121009301,osm-way-692240855,68.98333333333333,68.98333333333333,5
13121009301,osm-way-886340463,39.4,39.4,5
13121009301,osm-way-933073925,56.916666666666664,71.91666666666667,5
13121009301,osm-way-98280771,56.8,56.8,5
13121009405,osm-node-10834410890,24.333333333333332,39.333333333333336,5
13121009405,osm-node-10834436435,29.066666666666663,34.06666666666667,5
13121009405,osm-node-11296519692,47.78333333333333,62.78333333333333,5
13121009405,osm-node-11803467005,48.11666666666667,48.11666666666667,5
13121009405,osm-node-11810428451,25.383333333333333,30.383333333333333,5
13121009405,osm-node-11874720088,49.63333333333333,64.63333333333334,5
13121009405,osm-node-12124841474,37.9,46.18333333333333,5
13121009405,osm-node-12136141359,25.783333333333335,30.783333333333335,5
13121009405,osm-node-1259091133,49.05,49.05,5
13121009405,osm-node-12619410960,30.883333333333333,35.88333333333333,5
13121009405,osm-node-12623995967,28.333333333333332,33.333333333333336,5
13121009405,osm-node-12776430676,30.566666666666663,35.56666666666667,5
13121009405,osm-node-12800526801,37.81666666666667,49.15,5
13121009405,osm-node-13019491858,23.766666666666666,28.766666666666666,5
13121009405,osm-node-13062596546,52.46666666666667,52.46666666666667,5
13121009405,osm-node-13070138146,27.1,32.1,5
13121009405,osm-node-13076662890,45.18333333333333,45.18333333333333,5
13121009405,osm-node-13132027046,43.11666666666667,58.11666666666667,5
13121009405,osm-node-13305337619,39.35,44.35,5
13121009405,osm-node-13305370788,26.45,31.45,5
13121009405,osm-node-13515490416,44.21666666666667,49.21666666666667,5
13121009405,osm-node-13599896277,42.96666666666667,47.96666666666667,5
13121009405,osm-node-14080656819,56.05,56.05,5
13121009405,osm-node-1595646778,57.583333333333336,69.35,5
13121009405,osm-node-1748936232,54.03333333333333,54.03333333333333,5
13121009405,osm-node-2277885174,27.583333333333332,32.583333333333336,5
13121009405,osm-node-358780362,23.9,38.9,5
13121009405,osm-node-358780376,26.133333333333333,41.13333333333333,5
13121009405,osm-node-367913112,57.2,68.66666666666667,5
13121009405,osm-node-367913209,54.55,54.55,5
13121009405,osm-node-367913219,43.28333333333333,48.28333333333333,5
13121009405,osm-node-367913232,73.86666666666666,73.86666666666666,5
13121009405,osm-node-367913236,54.983333333333334,54.983333333333334,5
13121009405,osm-node-367913237,49.96666666666667,49.96666666666667,5
13121009405,osm-node-367913244,62.3,62.3,5
13121009405,osm-node-367913251,57.6,57.6,5
13121009405,osm-node-367913254,55.016666666666666,70.01666666666667,5
13121009405,osm-node-367913296,46.733333333333334,46.733333333333334,5
13121009405,osm-node-367913297,16.183333333333334,18.716666666666665,5
13121009405,osm-node-367913299,46.63333333333333,51.63333333333333,5
13121009405,osm-node-367913320,53.833333333333336,59.46666666666667,5
13121009405,osm-node-4237695952,31.983333333333334,36.983333333333334,5
13121009405,osm-node-4864504354,46.93333333333333,46.93333333333333,5
13121009405,osm-node-7211662360,44.166666666666664,56.166666666666664,5
13121009405,osm-node-8113135530,33.7,38.7,5
13121009405,osm-node-871146178,41.88333333333333,56.88333333333333,5
13121009405,osm-node-8825648847,35.083333333333336,48.766666666666666,5
13121009405,osm-node-9462998941,23.783333333333335,28.783333333333335,5
13121009405,osm-relation-3612501,26.266666666666666,31.266666666666666,5
13121009405,osm-relation-3669728,59.06666666666667,65.88333333333334,5
13121009405,osm-relation-5675786,35.7,42.8,5
13121009405,osm-way-112921497,28.666666666666668,43.666666666666664,5
13121009405,osm-way-1221469441,43.96666666666667,55.96666666666667,5
13121009405,osm-way-1263059302,42.53333333333333,42.53333333333333,5
13121009405,osm-way-1311902697,26.116666666666667,31.116666666666667,5
13121009405,osm-way-173532783,44.916666666666664,44.916666666666664,5
13121009405,osm-way-208158659,46.8,46.8,5
13121009405,osm-way-219331009,41.516666666666666,41.516666666666666,5
13121009405,osm-way-231748291,14.083333333333334,29.083333333333332,5
13121009405,osm-way-234732964,28.683333333333337,33.68333333333333,5
13121009405,osm-way-234942606,26.266666666666666,31.266666666666666,5
13121009405,osm-way-252608923,28.583333333333332,33.583333333333336,5
13121009405,osm-way-268001356,29.966666666666665,49.516666666666666,5
13121009405,osm-way-269246999,54.5,54.5,5
13121009405,osm-way-269542129,32.666666666666664,37.666666666666664,5
13121009405,osm-way-269542737,49.083333333333336,49.083333333333336,5
13121009405,osm-way-269548092,50.95,67.06666666666666,5
13121009405,osm-way-269999028,29.366666666666667,34.36666666666667,5
13121009405,osm-way-270010150,41.35,61.35,5
13121009405,osm-way-270358285,30.9,35.9,5
13121009405,osm-way-270474813,43.15,48.15,5
13121009405,osm-way-270486467,47.78333333333333,47.78333333333333,5
13121009405,osm-way-270493876,39.11666666666667,44.11666666666667,5
13121009405,osm-way-270494085,36.55,41.55,5
13121009405,osm-way-270494114,40.6,46.833333333333336,5
13121009405,osm-way-270497388,36.28333333333333,41.28333333333333,5
13121009405,osm-way-270880929,34.45,44.166666666666664,5
13121009405,osm-way-272195210,44.666666666666664,50.36666666666667,5
13121009405,osm-way-272205524,67.38333333333334,67.38333333333334,5
13121009405,osm-way-273055240,57.21666666666667,57.21666666666667,5
13121009405,osm-way-275809609,62.36666666666667,62.36666666666667,5
13121009405,osm-way-343312205,64.66666666666667,66.41666666666667,5
13121009405,osm-way-348402902,31.983333333333334,36.983333333333334,5
13121009405,osm-way-34845384,41.1,61.1,5
13121009405,osm-way-366848935,79.36666666666666,79.36666666666666,5
13121009405,osm-way-388806051,45.28333333333333,45.28333333333333,5
13121009405,osm-way-40860251,22.55,37.55,5
13121009405,osm-way-40929757,29.033333333333335,44.03333333333333,5
13121009405,osm-way-41169860,27.483333333333334,42.483333333333334,5
13121009405,osm-way-494707290,59.15,65.96666666666667,5
13121009405,osm-way-494884355,26.45,41.45,5
13121009405,osm-way-494947781,33.9,41.016666666666666,5
13121009405,osm-way-51291333,39.61666666666667,54.61666666666667,5
13121009405,osm-way-51301407,39.916666666666664,54.916666666666664,5
13121009405,osm-way-51302619,25.95,40.95,5
13121009405,osm-way-51311379,63.583333333333336,79.11666666666666,5
13121009405,osm-way-61494982,27.283333333333335,42.28333333333333,5
13121009405,osm-way-692240855,62.0,62.0,5
13121009405,osm-way-886340463,29.4,34.4,5
13121009405,osm-way-933073925,41.916666666666664,49.36666666666667,5
13121009405,osm-way-98280771,25.833333333333332,40.833333333333336,5
13121009501,osm-node-10834410890,55.733333333333334,76.03333333333333,5
13121009501,osm-node-10834436435,39.06666666666667,63.06666666666667,5
13121009501,osm-node-11296519692,77.55,98.55,5
13121009501,osm-node-11803467005,55.11666666666667,75.11666666666666,5
13121009501,osm-node-11810428451,35.38333333333333,59.38333333333333,5
13121009501,osm-node-11874720088,78.2,100.63333333333334,5
13121009501,osm-node-12124841474,48.45,66.88333333333334,5
13121009501,osm-node-12136141359,35.78333333333333,59.78333333333333,5
13121009501,osm-node-1259091133,35.46666666666667,79.68333333333334,5
13121009501,osm-node-12619410960,40.88333333333333,64.88333333333334,5
13121009501,osm-node-12623995967,38.333333333333336,62.333333333333336,5
13121009501,osm-node-12776430676,40.56666666666667,64.56666666666666,5
13121009501,osm-node-12800526801,68.26666666666667,88.53333333333333,5
13121009501,osm-node-13019491858,30.5,50.5,5
13121009501,osm-node-13062596546,31.866666666666667,67.61666666666666,5
13121009501,osm-node-13070138146,33.4,53.4,5
13121009501,osm-node-13076662890,52.18333333333333,72.18333333333334,5
13121009501,osm-node-13132027046,70.46666666666667,90.46666666666668,5
13121009501,osm-node-13305337619,49.35,73.35,5
13121009501,osm-node-13305370788,23.2,43.2,5
13121009501,osm-node-13515490416,53.55,74.21666666666667,5
13121009501,osm-node-13599896277,52.96666666666667,76.96666666666667,5
13121009501,osm-node-14080656819,61.5,82.41666666666667,5
13121009501,osm-node-1595646778,69.35,94.58333333333331,5
13121009501,osm-node-1748936232,59.416666666666664,84.03333333333333,5
13121009501,osm-node-2277885174,37.583333333333336,58.53333333333333,5
13121009501,osm-node-358780362,54.666666666666664,75.28333333333333,5
13121009501,osm-node-358780376,57.53333333333333,77.83333333333333,5
13121009501,osm-node-367913112,78.66666666666667,98.66666666666669,5
13121009501,osm-node-367913209,67.26666666666667,84.55,5
13121009501,osm-node-367913219,53.28333333333333,73.36666666666666,5
13121009501,osm-node-367913232,32.78333333333333,103.05,5
13121009501,osm-node-367913236,64.28333333333333,84.98333333333333,5
13121009501,osm-node-367913237,64.96666666666667,79.13333333333334,5
13121009501,osm-node-367913244,70.31666666666666,92.3,5
13121009501,osm-node-367913251,61.516666666666666,83.9,5
13121009501,osm-node-367913254,82.18333333333334,105.53333333333332,5
13121009501,osm-node-367913296,61.28333333333333,86.96666666666667,5
13121009501,osm-node-367913297,54.483333333333334,76.21666666666667,5
13121009501,osm-node-367913299,56.63333333333333,76.63333333333334,5
13121009501,osm-node-367913320,83.76666666666667,89.46666666666667,5
13121009501,osm-node-4237695952,41.983333333333334,65.98333333333333,5
13121009501,osm-node-4864504354,56.93333333333333,76.93333333333334,5
13121009501,osm-node-7211662360,74.16666666666667,100.15,5
13121009501,osm-node-8113135530,43.7,67.7,5
13121009501,osm-node-871146178,67.1,87.1,5
13121009501,osm-node-8825648847,19.083333333333332,39.083333333333336,5
13121009501,osm-node-9462998941,28.05,48.05,5
13121009501,osm-relation-3612501,36.266666666666666,60.266666666666666,5
13121009501,osm-relation-3669728,66.46666666666667,94.88333333333334,5
13121009501,osm-relation-5675786,47.8,70.93333333333334,5
13121009501,osm-way-112921497,59.38333333333333,80.01666666666667,5
13121009501,osm-way-1221469441,73.96666666666667,99.95,5
13121009501,osm-way-1263059302,53.85,73.25,5
13121009501,osm-way-1311902697,36.11666666666667,60.11666666666667,5
13121009501,osm-way-173532783,55.166666666666664,76.96666666666667,5
13121009501,osm-way-208158659,61.35,87.03333333333333,5
13121009501,osm-way-219331009,53.46666666666667,78.68333333333334,5
13121009501,osm-way-231748291,46.53333333333333,67.0,5
13121009501,osm-way-234732964,36.916666666666664,56.916666666666664,5
13121009501,osm-way-234942606,36.266666666666666,60.266666666666666,5
13121009501,osm-way-252608923,38.583333333333336,62.583333333333336,5
13121009501,osm-way-268001356,24.916666666666668,52.28333333333333,5
13121009501,osm-way-269246999,67.21666666666667,84.5,5
13121009501,osm-way-269542129,37.43333333333333,57.43333333333333,5
13121009501,osm-way-269542737,44.11666666666667,79.71666666666667,5
13121009501,osm-way-269548092,70.95,88.61666666666666,5
13121009501,osm-way-269999028,39.36666666666667,63.36666666666667,5
13121009501,osm-way-270010150,61.35,79.85,5
13121009501,osm-way-270358285,40.9,64.9,5
13121009501,osm-way-270474813,53.15,73.23333333333333,5
13121009501,osm-way-270486467,57.78333333333333,77.78333333333333,5
13121009501,osm-way-270493876,49.11666666666667,69.11666666666666,5
13121009501,osm-way-270494085,46.55,66.55,5
13121009501,osm-way-270494114,52.81666666666667,72.81666666666666,5
13121009501,osm-way-270497388,46.28333333333333,70.28333333333333,5
13121009501,osm-way-270880929,49.25,70.8,5
13121009501,osm-way-272195210,50.36666666666667,91.6,5
13121009501,osm-way-272205524,67.38333333333334,88.01666666666667,5
13121009501,osm-way-273055240,57.21666666666667,101.21666666666668,5
13121009501,osm-way-275809609,70.38333333333334,92.36666666666666,5
13121009501,osm-way-343312205,79.53333333333333,96.41666666666669,5
13121009501,osm-way-348402902,41.983333333333334,65.98333333333333,5
13121009501,osm-way-34845384,22.0,42.0,5
13121009501,osm-way-366848935,79.36666666666666,119.36666666666666,5
13121009501,osm-way-388806051,42.53333333333333,75.91666666666667,5
13121009501,osm-way-40860251,53.666666666666664,74.1,5
13121009501,osm-way-40929757,61.483333333333334,81.95,5
13121009501,osm-way-41169860,58.083333333333336,78.78333333333333,5
13121009501,osm-way-494707290,66.55,94.96666666666668,5
13121009501,osm-way-494884355,57.166666666666664,77.8,5
13121009501,osm-way-494947781,46.016666666666666,70.01666666666667,5
13121009501,osm-way-51291333,68.61666666666666,88.86666666666666,5
13121009501,osm-way-51301407,67.01666666666667,87.01666666666667,5
13121009501,osm-way-51302619,56.666666666666664,77.3,5
13121009501,osm-way-51311379,81.83333333333333,109.11666666666666,5
13121009501,osm-way-61494982,57.88333333333333,78.58333333333333,5
13121009501,osm-way-692240855,68.98333333333333,89.0,5
13121009501,osm-way-886340463,39.4,63.4,5
13121009501,osm-way-933073925,71.91666666666667,86.91666666666667,5
13121009501,osm-way-98280771,56.8,77.3,5
13121009504,osm-node-10834410890,76.03333333333333,76.03333333333333,5
13121009504,osm-node-10834436435,57.06666666666667,57.06666666666667,5
13121009504,osm-node-11296519692,98.55,98.55,5
13121009504,osm-node-11803467005,75.11666666666666,75.11666666666666,5
13121009504,osm-node-11810428451,53.38333333333333,53.38333333333333,5
13121009504,osm-node-11874720088,91.58333333333331,91.58333333333331,5
13121009504,osm-node-12124841474,66.88333333333334,66.88333333333334,5
13121009504,osm-node-12136141359,53.78333333333333,53.78333333333333,5
13121009504,osm-node-1259091133,79.68333333333334,79.68333333333334,5
13121009504,osm-node-12619410960,58.88333333333333,58.88333333333333,5
13121009504,osm-node-12623995967,56.333333333333336,56.333333333333336,5
13121009504,osm-node-12776430676,58.56666666666667,58.56666666666667,5
13121009504,osm-node-12800526801,73.53333333333333,73.53333333333333,5
13121009504,osm-node-13019491858,50.5,50.5,5
13121009504,osm-node-13062596546,67.61666666666666,67.61666666666666,5
13121009504,osm-node-13070138146,53.4,53.4,5
13121009504,osm-node-13076662890,72.18333333333334,72.18333333333334,5
13121009504,osm-node-13132027046,80.46666666666667,80.46666666666667,5
13121009504,osm-node-13305337619,67.35,67.35,5
13121009504,osm-node-13305370788,43.2,43.2,5
13121009504,osm-node-13515490416,69.21666666666667,69.21666666666667,5
13121009504,osm-node-13599896277,70.96666666666667,70.96666666666667,5
13121009504,osm-node-14080656819,82.41666666666667,82.41666666666667,5
13121009504,osm-node-1595646778,87.58333333333333,87.58333333333333,5
13121009504,osm-node-1748936232,83.18333333333334,83.18333333333334,5
13121009504,osm-node-2277885174,55.583333333333336,55.583333333333336,5
13121009504,osm-node-358780362,75.28333333333333,75.28333333333333,5
13121009504,osm-node-358780376,77.83333333333333,77.83333333333333,5
13121009504,osm-node-367913112,88.66666666666667,88.66666666666667,5
13121009504,osm-node-367913209,84.55,84.55,5
13121009504,osm-node-367913219,73.28333333333333,73.28333333333333,5
13121009504,osm-node-367913232,103.05,103.05,5
13121009504,osm-node-367913236,84.98333333333333,84.98333333333333,5
13121009504,osm-node-367913237,79.13333333333334,79.13333333333334,5
13121009504,osm-node-367913244,85.95,85.95,5
13121009504,osm-node-367913251,83.9,83.9,5
13121009504,osm-node-367913254,100.88333333333334,100.88333333333334,5
13121009504,osm-node-367913296,86.96666666666667,86.96666666666667,5
13121009504,osm-node-367913297,65.3,65.3,5
13121009504,osm-node-367913299,71.63333333333334,71.63333333333334,5
13121009504,osm-node-367913320,85.83333333333333,85.83333333333333,5
13121009504,osm-node-4237695952,59.983333333333334,59.983333333333334,5
13121009504,osm-node-4864504354,76.93333333333334,76.93333333333334,5
13121009504,osm-node-7211662360,86.16666666666667,86.16666666666667,5
13121009504,osm-node-8113135530,61.7,61.7,5
13121009504,osm-node-871146178,77.1,77.1,5
13121009504,osm-node-8825648847,39.083333333333336,39.083333333333336,5
13121009504,osm-node-9462998941,48.05,48.05,5
13121009504,osm-relation-3612501,54.266666666666666,54.266666666666666,5
13121009504,osm-relation-3669728,81.46666666666667,81.46666666666667,5
13121009504,osm-relation-5675786,65.8,65.8,5
13121009504,osm-way-112921497,80.01666666666667,80.01666666666667,5
13121009504,osm-way-1221469441,85.96666666666667,85.96666666666667,5
13121009504,osm-way-1263059302,71.85,71.85,5
13121009504,osm-way-1311902697,54.11666666666667,54.11666666666667,5
13121009504,osm-way-173532783,71.96666666666667,71.96666666666667,5
13121009504,osm-way-208158659,87.03333333333333,87.03333333333333,5
13121009504,osm-way-219331009,71.51666666666667,71.51666666666667,5
13121009504,osm-way-231748291,67.0,67.0,5
13121009504,osm-way-234732964,56.68333333333333,56.68333333333333,5
13121009504,osm-way-234942606,54.266666666666666,54.266666666666666,5
13121009504,osm-way-252608923,56.583333333333336,56.583333333333336,5
13121009504,osm-way-268001356,14.966666666666669,26.516666666666666,5
13121009504,osm-way-269246999,84.5,84.5,5
13121009504,osm-way-269542129,57.43333333333333,57.43333333333333,5
13121009504,osm-way-269542737,79.71666666666667,79.71666666666667,5
13121009504,osm-way-269548092,88.61666666666666,88.61666666666666,5
13121009504,osm-way-269999028,57.36666666666667,57.36666666666667,5
13121009504,osm-way-270010150,79.85,79.85,5
13121009504,osm-way-270358285,58.9,58.9,5
13121009504,osm-way-270474813,73.15,73.15,5
13121009504,osm-way-270486467,77.78333333333333,77.78333333333333,5
13121009504,osm-way-270493876,64.11666666666666,64.11666666666666,5
13121009504,osm-way-270494085,61.55,61.55,5
13121009504,osm-way-270494114,67.81666666666666,67.81666666666666,5
13121009504,osm-way-270497388,64.28333333333333,64.28333333333333,5
13121009504,osm-way-270880929,64.61666666666666,64.61666666666666,5
13121009504,osm-way-272195210,71.36666666666666,71.36666666666666,5
13121009504,osm-way-272205524,88.01666666666667,88.01666666666667,5
13121009504,osm-way-273055240,78.21666666666667,78.21666666666667,5
13121009504,osm-way-275809609,86.01666666666667,86.01666666666667,5
13121009504,osm-way-343312205,95.26666666666668,95.26666666666668,5
13121009504,osm-way-348402902,59.983333333333334,59.983333333333334,5
13121009504,osm-way-34845384,42.0,42.0,5
13121009504,osm-way-366848935,119.36666666666666,119.36666666666666,5
13121009504,osm-way-388806051,75.91666666666667,75.91666666666667,5
13121009504,osm-way-40860251,74.1,74.1,5
13121009504,osm-way-40929757,70.38333333333334,70.38333333333334,5
13121009504,osm-way-41169860,78.78333333333333,78.78333333333333,5
13121009504,osm-way-494707290,81.55,81.55,5
13121009504,osm-way-494884355,77.8,77.8,5
13121009504,osm-way-494947781,64.01666666666667,64.01666666666667,5
13121009504,osm-way-51291333,78.86666666666666,78.86666666666666,5
13121009504,osm-way-51301407,77.01666666666667,77.01666666666667,5
13121009504,osm-way-51302619,77.3,77.3,5
13121009504,osm-way-51311379,96.58333333333331,96.58333333333331,5
13121009504,osm-way-61494982,78.58333333333333,78.58333333333333,5
13121009504,osm-way-692240855,88.98333333333333,88.98333333333333,5
13121009504,osm-way-886340463,57.4,57.4,5
13121009504,osm-way-933073925,71.91666666666667,71.91666666666667,5
13121009504,osm-way-98280771,77.3,77.3,5
13121012000,osm-node-10834410890,55.733333333333334,76.03333333333333,5
13121012000,osm-node-10834436435,28.75,48.75,5
13121012000,osm-node-11296519692,47.78333333333333,57.55,5
13121012000,osm-node-11803467005,43.31666666666667,63.31666666666667,5
13121012000,osm-node-11810428451,22.55,42.55,5
13121012000,osm-node-11874720088,48.833333333333336,78.2,5
13121012000,osm-node-12124841474,37.9,57.9,5
13121012000,osm-node-12136141359,26.133333333333333,46.13333333333333,5
13121012000,osm-node-1259091133,49.05,65.6,5
13121012000,osm-node-12619410960,28.05,48.05,5
13121012000,osm-node-12623995967,28.7,48.7,5
13121012000,osm-node-12776430676,19.116666666666667,40.516666666666666,5
13121012000,osm-node-12800526801,68.26666666666667,79.15,5
13121012000,osm-node-13019491858,29.933333333333337,49.93333333333333,5
13121012000,osm-node-13062596546,52.46666666666667,66.95,5
13121012000,osm-node-13070138146,28.25,48.25,5
13121012000,osm-node-13076662890,41.61666666666667,61.61666666666667,5
13121012000,osm-node-13132027046,40.46666666666667,60.46666666666667,5
13121012000,osm-node-13305337619,25.1,32.983333333333334,5
13121012000,osm-node-13305370788,30.45,50.45,5
13121012000,osm-node-13515490416,24.216666666666665,44.21666666666667,5
13121012000,osm-node-13599896277,32.96666666666667,40.0,5
13121012000,osm-node-14080656819,31.833333333333332,47.71666666666667,5
13121012000,osm-node-1595646778,53.583333333333336,69.35,5
13121012000,osm-node-1748936232,29.416666666666668,46.63333333333333,5
13121012000,osm-node-2277885174,28.716666666666665,48.71666666666667,5
13121012000,osm-node-358780362,54.6,75.28333333333333,5
13121012000,osm-node-358780376,57.53333333333333,77.83333333333333,5
13121012000,osm-node-367913112,48.666666666666664,68.66666666666667,5
13121012000,osm-node-367913209,54.55,84.55,5
13121012000,osm-node-367913219,33.28333333333333,53.28333333333333,5
13121012000,osm-node-367913232,73.86666666666666,73.86666666666666,5
13121012000,osm-node-367913236,44.28333333333333,44.28333333333333,5
13121012000,osm-node-367913237,30.6,34.96666666666667,5
13121012000,osm-node-367913244,41.31666666666667,50.3,5
13121012000,osm-node-367913251,31.516666666666666,47.4,5
13121012000,osm-node-367913254,52.18333333333333,70.01666666666667,5
13121012000,osm-node-367913296,51.9,61.28333333333333,5
13121012000,osm-node-367913297,51.233333333333334,71.23333333333333,5
13121012000,osm-node-367913299,26.633333333333333,46.63333333333333,5
13121012000,osm-node-367913320,23.833333333333332,23.833333333333332,5
13121012000,osm-node-4237695952,10.2,32.06666666666667,5
13121012000,osm-node-4864504354,36.93333333333333,56.93333333333333,5
13121012000,osm-node-7211662360,69.0,74.16666666666667,5
13121012000,osm-node-8113135530,13.95,33.95,5
13121012000,osm-node-871146178,37.1,57.1,5
13121012000,osm-node-8825648847,47.78333333333333,67.78333333333333,5
13121012000,osm-node-9462998941,32.06666666666667,52.06666666666667,5
13121012000,osm-relation-3612501,26.583333333333332,46.583333333333336,5
13121012000,osm-relation-3669728,50.88333333333333,57.016666666666666,5
13121012000,osm-relation-5675786,14.5,34.5,5
13121012000,osm-way-112921497,55.95,80.01666666666667,5
13121012000,osm-way-1221469441,68.81666666666666,73.96666666666667,5
13121012000,osm-way-1263059302,15.0,35.833333333333336,5
13121012000,osm-way-1311902697,26.483333333333334,46.483333333333334,5
13121012000,osm-way-173532783,24.166666666666668,44.166666666666664,5
13121012000,osm-way-208158659,51.96666666666667,61.35,5
13121012000,osm-way-219331009,30.0,50.0,5
13121012000,osm-way-231748291,46.53333333333333,67.0,5
13121012000,osm-way-234732964,29.816666666666663,49.81666666666667,5
13121012000,osm-way-234942606,25.933333333333337,45.93333333333333,5
13121012000,osm-way-252608923,17.0,37.25,5
13121012000,osm-way-268001356,50.28333333333333,70.28333333333333,5
13121012000,osm-way-269246999,54.5,84.5,5
13121012000,osm-way-269542129,39.333333333333336,59.333333333333336,5
13121012000,osm-way-269542737,49.083333333333336,62.983333333333334,5
13121012000,osm-way-269548092,50.95,70.95,5
13121012000,osm-way-269999028,28.816666666666663,48.81666666666667,5
13121012000,osm-way-270010150,41.35,61.35,5
13121012000,osm-way-270358285,28.066666666666663,48.06666666666667,5
13121012000,osm-way-270474813,33.15,53.15,5
13121012000,osm-way-270486467,37.78333333333333,57.78333333333333,5
13121012000,osm-way-270493876,19.116666666666667,39.11666666666667,5
13121012000,osm-way-270494085,16.55,36.55,5
13121012000,osm-way-270494114,19.4,39.4,5
13121012000,osm-way-270497388,18.283333333333335,42.3,5
13121012000,osm-way-270880929,14.016666666666667,34.016666666666666,5
13121012000,osm-way-272195210,10.366666666666667,14.666666666666666,5
13121012000,osm-way-272205524,47.38333333333333,47.38333333333333,5
13121012000,osm-way-273055240,17.216666666666665,34.733333333333334,5
13121012000,osm-way-275809609,41.38333333333333,50.38333333333333,5
13121012000,osm-way-343312205,64.66666666666667,79.53333333333333,5
13121012000,osm-way-348402902,10.2,32.06666666666667,5
13121012000,osm-way-34845384,61.1,81.1,5
13121012000,osm-way-366848935,61.61666666666667,79.36666666666666,5
13121012000,osm-way-388806051,45.28333333333333,62.9,5
13121012000,osm-way-40860251,53.666666666666664,74.1,5
13121012000,osm-way-40929757,61.483333333333334,81.95,5
13121012000,osm-way-41169860,55.15,78.78333333333333,5
13121012000,osm-way-494707290,50.96666666666667,57.1,5
13121012000,osm-way-494884355,55.03333333333333,77.8,5
13121012000,osm-way-494947781,12.7,32.7,5
13121012000,osm-way-51291333,38.86666666666667,58.86666666666667,5
13121012000,osm-way-51301407,37.016666666666666,57.016666666666666,5
13121012000,osm-way-51302619,54.2,77.3,5
13121012000,osm-way-51311379,52.88333333333333,60.15,5
13121012000,osm-way-61494982,55.45,78.58333333333333,5
13121012000,osm-way-692240855,50.733333333333334,70.73333333333333,5
13121012000,osm-way-886340463,26.55,46.55,5
13121012000,osm-way-933073925,71.91666666666667,79.36666666666666,5
13121012000,osm-way-98280771,56.8,77.3,5
